,Date,Away_Team,Home_Team,Away_Prob_Athletic,Home_Prob_Athletic,Away_Prob_538,Home_Prob_538,Home_ML,Away_ML,Home_Prob_Implied,Away_Prob_Implied,Home_KC_Athletic,Away_KC_Athletic,Home_KC_538,Away_KC_538,Home_Combined,Away_Combined,Bet_Athletic,Bet_538,Bet_Combined,Won_Athletic,Tracker_Athletic,Won_538,Tracker_538,Won_Combined,Tracker_Combined
0,2021-09-06,Mets,Nationals,0.4833,0.5167,0.51,0.49,105,-130,0.487804878,0.5652173913,0.005641428571,0,0.0004285714286,0,0.003035,0,564.1428571,42.85714286,303.5,1,100592.35,1,100045,1,100318.675
1,2021-09-06,Rays,Red Sox,0.43,0.57,0.48,0.52,-130,110,0.5652173913,0.4761904762,0.0011,0,0,0.0007272727273,0,0,110,72.72727273,0,0,100482.35,1,100125,-1,100318.675
2,2021-09-06,Tigers,Pirates,0.5148,0.4852,0.54,0.46,115,-140,0.4651162791,0.5833333333,0.003754782609,0,0,0,0,0,375.4782609,0,0,1,100914.15,-1,100125,-1,100318.675
3,2021-09-06,Phillies,Brewers,0.4897,0.5103,0.42,0.58,-150,125,0.6,0.4444444444,0,0.008146,0,0,0,0,814.6,0,0,1,101932.4,-1,100125,-1,100318.675
4,2021-09-06,Reds,Cubs,0.5636,0.4364,0.53,0.47,125,-150,0.4444444444,0.6,0,0,0.0046,0,0,0,0,460,0,-1,101932.4,1,100700,-1,100318.675
5,2021-09-06,Giants,Rockies,0.5238,0.4762,0.59,0.41,125,-155,0.4444444444,0.6078431373,0.005716,0,0,0,0,0,571.6,0,0,0,101360.8,-1,100700,-1,100318.675
6,2021-09-06,Dodgers,Cardinals,0.667,0.333,0.64,0.36,180,-225,0.3571428571,0.6923076923,0,0,0.0004444444444,0,0,0,0,44.44444444,0,-1,101360.8,0,100655.5556,-1,100318.675
7,2021-09-06,Twins,Indians,0.5452,0.4548,0.51,0.49,110,-135,0.4761904762,0.5744680851,0,0,0.002636363636,0,0,0,0,263.6363636,0,-1,101360.8,0,100391.9192,-1,100318.675
8,2021-09-06,Rangers,Angels,0.4916,0.5084,0.4,0.6,-130,110,0.5652173913,0.4761904762,0,0.002941818182,0.008,0,0,0,294.1818182,800,0,1,101684.4,0,99591.91919,-1,100318.675
9,2021-09-07,Twins,Indians,0.5046,0.4954,0.42,0.58,-140,120,0.5833333333,0.4545454545,0,0.009176666667,0,0,0,0,933.1201733,0,0,1,102803.7442,-1,99592,-1,100319
10,2021-09-07,Mets,Marlins,0.569,0.431,0.56,0.44,140,-165,0.4166666667,0.6226415094,0.002457142857,0,0.004,0,0.003228571429,0,249.8521143,398.368,323.8870571,0,102553.8921,0,99193.632,0,99995.11294
11,2021-09-07,Royals,Orioles,0.5298,0.4702,0.52,0.48,-110,-110,0.5238095238,0.5238095238,0,0.001258,0,0,0,0,127.918472,0,0,0,102425.9736,-1,99193.632,-1,99995.11294
12,2021-09-07,Blue Jays,Yankees,0.3345,0.6655,0.36,0.64,-225,180,0.6923076923,0.3571428571,0,0,0,0.0004444444444,0,0,0,44.26311111,0,-1,102425.9736,1,99273.3056,-1,99995.11294
13,2021-09-07,Rays,Red Sox,0.4206,0.5794,0.54,0.46,-115,-105,0.5348837209,0.512195122,0.009571,0,0,0.0057,0,0,973.217564,567.6744,0,0,101452.7561,1,99813.94789,-1,99995.11294
14,2021-09-07,Nationals,Braves,0.2629,0.7371,0.36,0.64,-225,180,0.6923076923,0.3571428571,0.0145575,0,0,0.0004444444444,0,0,1480.26483,44.26311111,0,1,102110.6515,0,99769.68477,-1,99995.11294
15,2021-09-07,Mariners,Astros,0.3763,0.6237,0.39,0.61,-165,140,0.6226415094,0.4166666667,0.0002805,0,0,0,0,0,28.522362,0,0,1,102127.9378,-1,99769.68477,-1,99995.11294
16,2021-09-07,Giants,Rockies,0.6126,0.3874,0.63,0.37,170,-200,0.3703703704,0.6666666667,0.002704705882,0,0,0,0,0,275.0253129,0,0,0,101852.9125,-1,99769.68477,-1,99995.11294
17,2021-09-07,Angels,Padres,0.2707,0.7293,0.36,0.64,-350,280,0.7777777778,0.2631578947,0,0.001023571429,0,0.01314285714,0,0.007083214286,104.0808371,1308.923429,710.5809739,1,102144.3388,1,103434.6704,1,101984.7397
18,2021-09-09,White Sox,Athletics,0.4053,0.5947,0.45,0.55,-140,115,0.5833333333,0.4651162791,0.002728,0,0,0,0,0,278.648832,0,0,1,102343.0349,-1,103435,-1,101985
19,2021-09-09,Twins,Indians,0.5151,0.4849,0.43,0.57,-150,125,0.6,0.4444444444,0,0.012718,0,0,0,0,1299.067392,0,0,0,101043.9675,-1,103435,-1,101985
20,2021-09-09,Mets,Marlins,0.5683,0.4317,0.58,0.42,150,-185,0.4,0.649122807,0.005283333333,0,0.003333333333,0,0.004308333333,0,539.6608,344.7833333,439.385375,1,101853.4587,1,103952.175,1,102644.0781
21,2021-09-09,Rockies,Phillies,0.3989,0.6011,0.43,0.57,-185,150,0.649122807,0.4,0,0,0,0.005,0,0,0,517.175,0,-1,101853.4587,1,104727.9375,-1,102644.0781
22,2021-09-09,Nationals,Braves,0.3967,0.6033,0.37,0.63,-225,180,0.6923076923,0.3571428571,0,0.006153333333,0,0.002,0,0.004076666667,628.52608,206.87,415.75885,0,101224.9326,0,104521.0675,0,102228.3192
23,2021-09-10,Giants,Cubs,0.5194,0.4806,0.56,0.44,155,-190,0.3921568627,0.6551724138,0.01455032258,0,0.007870967742,0,0.01121064516,0,1472.856403,822.6814194,1146.041834,0,99752.1436,0,103698.3186,0,101081.9582
24,2021-09-10,Nationals,Pirates,0.4838,0.5162,0.51,0.49,-125,105,0.5555555556,0.487804878,0,0,0,0.004333333333,0,0,0,452.9243333,0,-1,99752.1436,0,103245.3942,-1,101081.9582
25,2021-09-10,Blue Jays,Orioles,0.6599,0.3401,0.66,0.34,220,-275,0.3125,0.7333333333,0.004014545455,0,0.004,0,0.004007272727,0,406.3723636,418.084,409.6554764,1,100646.1628,1,104165.179,1,101983.2002
26,2021-09-10,Rockies,Phillies,0.4572,0.5428,0.43,0.57,-145,120,0.5918367347,0.4545454545,0,0.0004866666667,0,0,0,0,49.26283333,0,0,1,100705.2782,-1,104165.179,-1,101983.2002
27,2021-09-10,Brewers,Indians,0.5967,0.4033,0.52,0.48,120,-145,0.4545454545,0.5918367347,0,0.0011915,0.004666666667,0,0,0,120.6095875,487.7646667,0,1,100788.4572,0,103677.4144,-1,101983.2002
28,2021-09-10,Rays,Tigers,0.5551,0.4449,0.59,0.41,125,-155,0.4444444444,0.6078431373,8.20E-05,0,0,0,0,0,8.30045,0,0,1,100798.8328,-1,103677.4144,-1,101983.2002
29,2021-09-10,Marlins,Braves,0.3501,0.6499,0.39,0.61,-200,170,0.6666666667,0.3703703704,0,0,0,0.003117647059,0,0,0,325.8595882,0,-1,100798.8328,0,103351.5548,-1,101983.2002
30,2021-09-10,Red Sox,White Sox,0.4035,0.5965,0.45,0.55,-155,125,0.6078431373,0.4444444444,0,0,0,0.001,0,0,0,104.521,0,-1,100798.8328,0,103247.0338,-1,101983.2002
31,2021-09-10,Angels,Astros,0.2703,0.7297,0.4,0.6,-200,170,0.6666666667,0.3703703704,0.01891,0,0,0.004705882353,0,0,1914.16475,491.8635294,0,1,101755.9152,0,102755.1703,-1,101983.2002
32,2021-09-10,Royals,Twins,0.4834,0.5166,0.45,0.55,-135,110,0.5744680851,0.4761904762,0,0.001376363636,0,0,0,0,139.3224091,0,0,1,101909.1698,-1,102755.1703,-1,101983.2002
33,2021-09-10,Rangers,Athletics,0.3924,0.6076,0.41,0.59,-185,150,0.649122807,0.4,0,0,0,0.001666666667,0,0,0,174.2016667,0,-1,101909.1698,0,102580.9686,-1,101983.2002
34,2021-09-10,Diamondbacks,Mariners,0.4069,0.5931,0.38,0.62,-155,125,0.6078431373,0.4444444444,0,0,0.0031,0,0,0,0,324.0151,0,-1,101909.1698,1,102790.0106,-1,101983.2002
35,2021-09-11,Giants,Cubs,0.6124,0.3876,0.61,0.39,170,-200,0.3703703704,0.6666666667,0.002736470588,0,0.003117647059,0,0.002927058824,0,278.8709812,320.4629412,298.51024,0,101630.129,0,102469.5371,0,101684.4898
36,2021-09-11,Blue Jays,Orioles,0.685,0.315,0.66,0.34,195,-250,0.3389830508,0.7142857143,0,0,0.0001538461538,0,0,0,0,15.81384615,0,-1,101630.129,0,102453.7232,-1,101684.4898
37,2021-09-11,Blue Jays,Orioles,0.685,0.315,0.6,0.4,195,-250,0.3389830508,0.7142857143,0,0,0.009230769231,0,0,0,0,948.8307692,0,-1,101630.129,0,101504.8924,-1,101684.4898
38,2021-09-11,Rockies,Phillies,0.3498,0.6502,0.36,0.64,-225,180,0.6923076923,0.3571428571,0,0,0,0.0004444444444,0,0,0,45.68444444,0,-1,101630.129,0,101459.208,-1,101684.4898
39,2021-09-11,Brewers,Indians,0.6572,0.3428,0.57,0.43,165,-200,0.3773584906,0.6666666667,0,0,0.008454545455,0,0,0,0,869.0427273,0,-1,101630.129,0,100590.1653,-1,101684.4898
40,2021-09-11,Royals,Twins,0.4933,0.5067,0.42,0.58,-135,110,0.5744680851,0.4761904762,0,0.003266363636,0.0013,0,0,0,332.8718518,133.627,0,0,101297.2572,1,100689.1482,-1,101684.4898
41,2021-09-11,Red Sox,White Sox,0.4654,0.5346,0.46,0.54,-175,145,0.6363636364,0.4081632653,0,0.009671034483,0,0.00875862069,0,0.009214827586,985.5654531,900.2986207,939.7557617,1,102726.3271,1,101994.5812,1,103047.1356
42,2021-09-11,Reds,Cardinals,0.5211,0.4789,0.49,0.51,100,-120,0.5,0.5454545455,0,0,0.002,0,0,0,0,205.58,0,-1,102726.3271,1,102200.1612,-1,103047.1356
43,2021-09-11,Yankees,Mets,0.5115,0.4885,0.51,0.49,105,-130,0.487804878,0.5652173913,0.0001357142857,0,0.0004285714286,0,0.0002821428571,0,13.83050714,44.05285714,28.773775,0,102712.4966,0,102156.1084,0,103018.3618
44,2021-09-11,Padres,Dodgers,0.364,0.636,0.32,0.68,-225,180,0.6923076923,0.3571428571,0,0.001066666667,0,0,0,0,108.7029333,0,0,0,102603.7936,-1,102156.1084,-1,103018.3618
45,2021-09-12,Blue Jays,Orioles,0.633,0.367,0.63,0.37,180,-225,0.3571428571,0.6923076923,0.001533333333,0,0.002,0,0.001766666667,0,157.3246,204.312,181.9984667,0,102446.6754,0,101951.688,0,102836.0015
46,2021-09-12,Rockies,Phillies,0.2783,0.7217,0.35,0.65,-275,230,0.7333333333,0.303030303,0,0,0,0.006739130435,0,0,0,688.4426087,0,-1,102446.6754,1,103535.106,-1,102836.0015
47,2021-09-12,Brewers,Indians,0.5777,0.4223,0.49,0.51,100,-120,0.5,0.5454545455,0,0.007094,0.002,0,0,0,727.865682,204.312,0,1,103053.2301,0,103330.794,-1,102836.0015
48,2021-09-12,Marlins,Braves,0.3095,0.6905,0.32,0.68,-275,220,0.7333333333,0.3125,0,0,0,0.001090909091,0,0,0,111.4429091,0,-1,103053.2301,0,103219.3511,-1,102836.0015
49,2021-09-12,Red Sox,White Sox,0.4792,0.5208,0.4,0.6,-160,135,0.6153846154,0.4255319149,0,0.009342222222,0,0,0,0,958.5400267,0,0,0,102094.6901,-1,103219.3511,-1,102836.0015
50,2021-09-12,Angels,Astros,0.2718,0.7282,0.36,0.64,-275,220,0.7333333333,0.3125,0,0,0,0.006909090909,0,0,0,705.8050909,0,-1,102094.6901,0,102513.546,-1,102836.0015
51,2021-09-12,Royals,Twins,0.437,0.563,0.38,0.62,-160,135,0.6153846154,0.4255319149,0,0.001996296296,0.0012,0,0,0,204.8259889,122.5872,0,1,102371.2052,0,102390.9588,-1,102836.0015
52,2021-09-12,Giants,Cubs,0.5973,0.4027,0.6,0.4,185,-225,0.350877193,0.6923076923,0.007983513514,0,0.007567567568,0,0.007775540541,0,819.132437,773.0724324,801.0206354,0,101552.0728,0,101617.8864,0,102034.9809
53,2021-09-12,Rangers,Athletics,0.4037,0.5963,0.37,0.63,-200,170,0.6666666667,0.3703703704,0,0.005293529412,0,0,0,0,543.1319982,0,0,1,102475.3972,-1,101617.8864,-1,102034.9809
54,2021-09-12,Diamondbacks,Mariners,0.3595,0.6405,0.4,0.6,-190,155,0.6551724138,0.3921568627,0,0,0,0.001290322581,0,0,0,131.8141935,0,-1,102475.3972,1,101822.1984,-1,102034.9809
55,2021-09-12,Padres,Dodgers,0.3622,0.6378,0.35,0.65,-160,135,0.6153846154,0.4255319149,0.005828,0,0.009,0,0.007414,0,597.970284,919.404,763.775452,1,102849.1286,1,102396.8259,1,102512.3406
56,2021-09-13,Twins,Yankees,0.3953,0.6047,0.39,0.61,-190,155,0.6551724138,0.3921568627,0,0.0005170967742,0,0,0,0,53.18288613,0,0,0,102795.8171,-1,102397,-1,102512
57,2021-09-13,Marlins,Nationals,0.5701,0.4299,0.5,0.5,-115,-105,0.5348837209,0.512195122,0,0.0118705,0,0,0,0,1220.869054,0,0,1,103958.5495,-1,102397,-1,102512
58,2021-09-13,Rays,Blue Jays,0.4718,0.5282,0.49,0.51,-135,110,0.5744680851,0.4761904762,0,0,0,0.002636363636,0,0,0,269.9557273,0,-1,103958.5495,0,102127.0443,-1,102512
59,2021-09-13,Cardinals,Mets,0.5116,0.4884,0.48,0.52,-105,-115,0.512195122,0.5348837209,0,0,0.0016,0,0,0,0,163.8352,0,-1,103958.5495,0,101963.2091,-1,102512
60,2021-09-13,Astros,Rangers,0.6039,0.3961,0.62,0.38,170,-200,0.3703703704,0.6666666667,0.004086470588,0,0.001529411765,0,0.002807941176,0,420.2894135,156.6071765,287.8476659,0,103538.2601,0,101806.6019,0,102224.1523
61,2021-09-13,Padres,Giants,0.5175,0.4825,0.48,0.52,-115,-105,0.5348837209,0.512195122,0,0.0010875,0,0,0,0,111.8482875,0,0,0,103426.4118,-1,101806.6019,-1,102224.1523
62,2021-09-13,Red Sox,Mariners,0.5655,0.4345,0.5,0.5,105,-125,0.487804878,0.5555555556,0,0.0022375,0.002380952381,0,0,0,230.1246375,243.802381,0,0,103196.2872,1,102062.5944,-1,102224.1523
63,2021-09-14,Cleveland Indians,Minnesota Twins,0.4329,0.5671,0.5,0.5,-135,110,0.5744680851,0.4761904762,0,0,0,0.004545454545,0,0,0,463.9227273,0,-1,103196,1,102573.315,-1,102224
64,2021-09-14,Milwaukee Brewers,Detroit Tigers,0.6726,0.3274,0.59,0.41,170,-200,0.3703703704,0.6666666667,0,0.00178,0.006294117647,0,0,0,183.68888,642.3965294,0,0,103012.3111,1,103665.3891,-1,102224
65,2021-09-14,New York Yankees,Baltimore Orioles,0.7249,0.2751,0.71,0.29,260,-350,0.2777777778,0.7777777778,0,0,0.001692307692,0,0,0,0,172.722,0,-1,103012.3111,0,103492.6671,-1,102224
66,2021-09-14,Chicago Cubs,Philadelphia Phillies,0.3192,0.6808,0.4,0.6,-200,165,0.6666666667,0.3773584906,0.00424,0,0,0.003636363636,0,0,437.55104,371.1381818,0,0,102574.7601,1,104105.0451,-1,102224
67,2021-09-14,Tampa Bay Rays,Toronto Blue Jays,0.4552,0.5448,0.48,0.52,-140,115,0.5833333333,0.4651162791,0,0,0,0.002782608696,0,0,0,284.0013913,0,-1,102574.7601,1,104431.6467,-1,102224
68,2021-09-14,Colorado Rockies,Atlanta Braves,0.4372,0.5628,0.41,0.59,-175,145,0.6363636364,0.4081632653,0,0.004906206897,0,0.0003103448276,0,0.002608275862,506.3009269,31.67472414,266.6283917,1,103308.8964,1,104477.5751,1,102610.6112
69,2021-09-14,Oakland Athletics,Kansas City Royals,0.5656,0.4344,0.6,0.4,145,-175,0.4081632653,0.6363636364,0.004433103448,0,0,0,0,0,457.4785434,0,0,1,103972.2403,-1,104477.5751,-1,102610.6112
70,2021-09-14,San Diego Padres,San Francisco Giants,0.4171,0.5829,0.35,0.65,-160,135,0.6153846154,0.4255319149,0,0,0.009,0,0,0,0,918.567,0,-1,103972.2403,1,105051.6794,-1,102610.6112
71,2021-09-14,Boston Red Sox,Seattle Mariners,0.5935,0.4065,0.53,0.47,120,-145,0.4545454545,0.5918367347,0,0.0004075,0.002833333333,0,0,0,42.05237,289.1785,0,1,104001.2419,0,104762.5009,-1,102610.6112
72,2021-09-14,Arizona Diamondbacks,Los Angeles Dodgers,0.2775,0.7225,0.28,0.72,-250,195,0.7142857143,0.3389830508,0.002875,0,0.002,0,0.0024375,0,296.6885,204.126,249.171,1,104119.9173,1,104844.1513,1,102710.2796
73,2021-09-15,Miami Marlins,Washington Nationals,0.5457,0.4543,0.5,0.5,105,-130,0.487804878,0.5652173913,0,0,0.002380952381,0,0,0,0,249.6285714,0,-1,104120,0,104594.3714,-1,102710
74,2021-09-15,Milwaukee Brewers,Detroit Tigers,0.6945,0.3055,0.63,0.37,200,-250,0.3333333333,0.7142857143,0,0,0.0055,0,0,0,0,576.642,0,-1,104120,1,105747.6554,-1,102710
75,2021-09-15,Tampa Bay Rays,Toronto Blue Jays,0.3999,0.6001,0.44,0.56,-175,145,0.6363636364,0.4081632653,0,0,0,0.005379310345,0,0,0,563.9884138,0,-1,104120,0,105183.667,-1,102710
76,2021-09-15,Boston Red Sox,Seattle Mariners,0.5172,0.4828,0.5,0.5,105,-130,0.487804878,0.5652173913,0,0,0.002380952381,0,0,0,0,249.6285714,0,-1,104120,0,104934.0384,-1,102710
77,2021-09-15,Cincinnati Reds,Pittsburgh Pirates,0.5088,0.4912,0.57,0.43,115,-140,0.4651162791,0.5833333333,0.004876521739,0,0,0,0,0,507.7434435,0,0,1,104703.905,-1,104934.0384,-1,102710
78,2021-09-15,New York Yankees,Baltimore Orioles,0.597,0.403,0.58,0.42,150,-185,0.4,0.649122807,0.0005,0,0.003333333333,0,0.001916666667,0,52.06,349.48,196.8608333,0,104651.845,0,104584.5584,0,102513.1392
79,2021-09-15,Chicago Cubs,Philadelphia Phillies,0.3295,0.6705,0.45,0.55,-200,165,0.6666666667,0.3773584906,0.00115,0,0,0.01166666667,0,0,119.738,1223.18,0,1,104711.714,0,103361.3784,-1,102513.1392
80,2021-09-15,St. Louis Cardinals,New York Mets,0.3897,0.6103,0.43,0.57,-165,140,0.6226415094,0.4166666667,0,0,0,0.002285714286,0,0,0,239.6434286,0,-1,104711.714,1,103696.8792,-1,102513.1392
81,2021-09-15,Colorado Rockies,Atlanta Braves,0.4083,0.5917,0.38,0.62,-190,155,0.6551724138,0.3921568627,0,0.002655806452,0,0,0,0,276.5225677,0,0,1,105140.3239,-1,103696.8792,-1,102513.1392
82,2021-09-15,Cleveland Indians,Minnesota Twins,0.4668,0.5332,0.52,0.48,-110,-110,0.5238095238,0.5238095238,0.001972,0,0,0,0,0,205.32464,0,0,0,104934.9993,-1,103696.8792,-1,102513.1392
83,2021-09-15,Houston Astros,Texas Rangers,0.6249,0.3751,0.65,0.35,180,-225,0.3571428571,0.6923076923,0.002793333333,0,0,0,0,0,290.8418667,0,0,0,104644.1574,-1,103696.8792,-1,102513.1392
84,2021-09-15,Los Angeles Angels,Chicago White Sox,0.3209,0.6791,0.43,0.57,-225,185,0.6923076923,0.350877193,0,0,0,0.01218918919,0,0,0,1277.963351,0,-1,104644.1574,1,106061.1114,-1,102513.1392
85,2021-09-15,Oakland Athletics,Kansas City Royals,0.5611,0.4389,0.53,0.47,125,-150,0.4444444444,0.6,0,0,0.0046,0,0,0,0,482.2824,0,-1,104644.1574,0,105578.829,-1,102513.1392
86,2021-09-15,San Diego Padres,San Francisco Giants,0.5263,0.4737,0.47,0.53,-105,-115,0.512195122,0.5348837209,0,0,0.00365,0,0,0,0,382.6806,0,-1,104644.1574,0,105196.1484,-1,102513.1392
87,2021-09-16,Colorado Rockies,Atlanta Braves,0.4225,0.5775,0.4,0.6,-175,145,0.6363636364,0.4081632653,0,0.002422413793,0,0,0,0,253.491069,0,0,0,104390.5089,-1,105196,-1,102513
88,2021-09-16,Cincinnati Reds,Pittsburgh Pirates,0.5773,0.4227,0.58,0.42,145,-175,0.4081632653,0.6363636364,0.002456206897,0,0.002,0,0.002228103448,0,257.0273145,210.392,228.4095688,0,104133.4816,0,104985.608,0,102284.5904
89,2021-09-16,Los Angeles Angels,Chicago White Sox,0.4624,0.5376,0.45,0.55,-200,170,0.6666666667,0.3703703704,0,0.01461647059,0,0.01264705882,0,0.01363176471,1529.525948,1330.42,1397.433095,1,106733.6757,1,107247.322,1,104660.2267
90,2021-09-16,Oakland Athletics,Kansas City Royals,0.5317,0.4683,0.5,0.5,105,-130,0.487804878,0.5652173913,0,0,0.002380952381,0,0,0,0,250.4666667,0,-1,106733.6757,0,106996.8553,-1,104660.2267
91,2021-09-16,San Diego Padres,San Francisco Giants,0.4114,0.5886,0.38,0.62,-190,155,0.6551724138,0.3921568627,0,0.003165806452,0,0,0,0,331.2826503,0,0,1,107247.1638,-1,106996.8553,-1,104660.2267
92,2021-09-16,New York Yankees,Baltimore Orioles,0.6995,0.3005,0.63,0.37,200,-250,0.3333333333,0.7142857143,0,0,0.0055,0,0,0,0,578.578,0,-1,107247.1638,1,108154.0113,-1,104660.2267
93,2021-09-16,Chicago Cubs,Philadelphia Phillies,0.4459,0.5541,0.43,0.57,-145,125,0.5918367347,0.4444444444,0,0.000262,0,0,0,0,27.416728,0,0,0,107219.7471,-1,108154.0113,-1,104660.2267
94,2021-09-16,Detroit Tigers,Tampa Bay Rays,0.3897,0.6103,0.36,0.64,-225,180,0.6923076923,0.3571428571,0,0.005064444444,0,0.0004444444444,0,0.002754444444,529.9637244,46.75377778,282.3663633,0,106689.7834,0,108107.2576,0,104377.8603
95,2021-09-16,Houston Astros,Texas Rangers,0.6622,0.3378,0.63,0.37,180,-225,0.3571428571,0.6923076923,0,0,0.002,0,0,0,0,210.392,0,-1,106689.7834,0,107896.8656,-1,104377.8603
96,2021-09-17,Cleveland Indians,New York Yankees,0.3104,0.6896,0.41,0.59,-190,155,0.6551724138,0.3921568627,0.009984,0,0,0.002935483871,0,0,1065.19296,316.7299032,0,1,107250.6279,0,107580.2701,-1,104378
97,2021-09-17,Minnesota Twins,Toronto Blue Jays,0.3546,0.6454,0.4,0.6,-225,180,0.6923076923,0.3571428571,0,0,0,0.006666666667,0,0,0,719.3133333,0,-1,107250.6279,1,108875.0341,-1,104378
98,2021-09-17,Baltimore Orioles,Boston Red Sox,0.2376,0.7624,0.3,0.7,-350,275,0.7777777778,0.2666666667,0,0,0,0.004545454545,0,0,0,490.4409091,0,-1,107250.6279,0,108384.5932,-1,104378
99,2021-09-17,Philadelphia Phillies,New York Mets,0.6184,0.3816,0.52,0.48,105,-130,0.487804878,0.5652173913,0,0.012232,0,0,0,0,1305.03208,0,0,1,108254.4987,-1,108384.5932,-1,104378
100,2021-09-17,Detroit Tigers,Tampa Bay Rays,0.3823,0.6177,0.36,0.64,-200,170,0.6666666667,0.3703703704,0,0.001894705882,0,0,0,0,202.1461706,0,0,0,108052.3525,-1,108384.5932,-1,104378
101,2021-09-17,Pittsburgh Pirates,Miami Marlins,0.4549,0.5451,0.38,0.62,-160,135,0.6153846154,0.4255319149,0,0.005112222222,0.0012,0,0,0,545.4229889,129.4764,0,1,108788.6736,0,108255.1168,-1,104378
102,2021-09-17,Chicago White Sox,Texas Rangers,0.5701,0.4299,0.59,0.41,155,-190,0.3921568627,0.6551724138,0.006209354839,0,0.002935483871,0,0.004572419355,0,662.4760677,316.7299032,477.2599874,0,108126.1975,0,107938.3869,0,103900.74
103,2021-09-17,Chicago Cubs,Milwaukee Brewers,0.3592,0.6408,0.36,0.64,-250,190,0.7142857143,0.3448275862,0,0.002193684211,0,0.002315789474,0,0.002254736842,234.0441684,249.8667368,235.3449221,0,107892.1533,0,107688.5201,0,103665.3951
104,2021-09-17,Arizona Diamondbacks,Houston Astros,0.3356,0.6644,0.37,0.63,-225,185,0.6923076923,0.350877193,0,0,0,0.002945945946,0,0,0,317.8587297,0,-1,107892.1533,0,107370.6614,-1,103665.3951
105,2021-09-17,Atlanta Braves,San Francisco Giants,0.4145,0.5855,0.43,0.57,-165,140,0.6226415094,0.4166666667,0,0,0,0.002285714286,0,0,0,246.6217143,0,-1,107892.1533,0,107124.0397,-1,103665.3951
106,2021-09-19,Cleveland Indians,New York Yankees,0.2047,0.7953,0.33,0.67,-300,240,0.75,0.2941176471,0.01812,0,0,0.005083333333,0,0,1955.00304,544.547,0,0,105936.997,1,108430.9128,-1,103665
107,2021-09-19,Colorado Rockies,Washington Nationals,0.5423,0.4577,0.48,0.52,-115,-105,0.5348837209,0.512195122,0,0.0061715,0,0,0,0,665.855478,0,0,0,105271.1415,-1,108430.9128,-1,103665
108,2021-09-19,Minnesota Twins,Toronto Blue Jays,0.4002,0.5998,0.33,0.67,-225,180,0.6923076923,0.3571428571,0,0.006697777778,0,0,0,0,722.63664,0,0,0,104548.5048,-1,108430.9128,-1,103665
109,2021-09-19,Detroit Tigers,Tampa Bay Rays,0.2929,0.7071,0.31,0.69,-225,180,0.6923076923,0.3571428571,0.0048075,0,0,0,0,0,518.69079,0,0,0,104029.8141,-1,108430.9128,-1,103665
110,2021-09-19,Pittsburgh Pirates,Miami Marlins,0.379,0.621,0.34,0.66,-225,180,0.6923076923,0.3571428571,0,0.0034,0,0,0,0,366.8328,0,0,0,103662.9813,-1,108430.9128,-1,103665
111,2021-09-19,Seattle Mariners,Kansas City Royals,0.5223,0.4777,0.54,0.46,115,-140,0.4651162791,0.5833333333,0.002352608696,0,0,0,0,0,253.8276574,0,0,0,103409.1536,-1,108430.9128,-1,103665
112,2021-09-19,Chicago Cubs,Milwaukee Brewers,0.3273,0.6727,0.36,0.64,-225,180,0.6923076923,0.3571428571,0,0,0,0.0004444444444,0,0,0,47.61066667,0,-1,103409.1536,1,108516.612,-1,103665
113,2021-09-19,Arizona Diamondbacks,Houston Astros,0.3477,0.6523,0.35,0.65,-250,200,0.7142857143,0.3333333333,0,0.002155,0,0.0025,0,0.0023275,232.50726,267.81,241.2802875,0,103176.6463,0,108248.802,0,103423.7197
114,2021-09-19,San Diego Padres,St. Louis Cardinals,0.5101,0.4899,0.45,0.55,-115,-105,0.5348837209,0.512195122,0,0,0.00325,0,0,0,0,348.153,0,-1,103176.6463,1,108551.5437,-1,103423.7197
115,2021-09-19,Chicago White Sox,Texas Rangers,0.6438,0.3562,0.63,0.37,195,-250,0.3389830508,0.7142857143,0.002604615385,0,0.004692307692,0,0.003648461538,0,281.0171631,502.6587692,378.2177654,0,102895.6292,0,108048.885,0,103045.5019
116,2021-09-19,Atlanta Braves,San Francisco Giants,0.5146,0.4854,0.45,0.55,-120,100,0.5454545455,0.5,0,0.00292,0.001,0,0,0,315.04464,107.124,0,1,103210.6738,0,107941.761,-1,103045.5019
117,2021-09-19,Oakland Athletics,Los Angeles Angels,0.5198,0.4802,0.51,0.49,110,-135,0.4761904762,0.5744680851,0.0007654545455,0,0.002636363636,0,0.001700909091,0,82.58642182,282.4178182,176.3247409,0,103128.0874,0,107659.3432,0,102869.1772
118,2021-09-19,Philadelphia Phillies,New York Mets,0.494,0.506,0.45,0.55,-120,100,0.5454545455,0.5,0,0,0.001,0,0,0,0,107.124,0,-1,103128.0874,1,107748.6132,-1,102869.1772
119,2021-09-20,Kansas City Royals,Cleveland Indians,0.5643,0.4357,0.38,0.62,-145,120,0.5918367347,0.4545454545,0,0.02012166667,0.0069,0,0,0,2075.10724,743.4681,0,1,105618.1287,0,107005.5319,-1,102869
120,2021-09-20,Chicago White Sox,Detroit Tigers,0.6658,0.3342,0.61,0.39,195,-250,0.3389830508,0.7142857143,0,0,0.007717948718,0,0,0,0,831.6012564,0,-1,105618.1287,1,108627.1544,-1,102869
121,2021-09-20,Pittsburgh Pirates,Cincinnati Reds,0.4386,0.5614,0.37,0.63,-175,145,0.6363636364,0.4081632653,0,0.005142758621,0,0,0,0,530.362411,0,0,0,105087.7663,-1,108627.1544,-1,102869
122,2021-09-20,Texas Rangers,New York Yankees,0.3206,0.6794,0.35,0.65,-300,240,0.75,0.2941176471,0,0.003751666667,0,0.007916666667,0,0.005834166667,386.90188,853.0129167,600.1548908,0,104700.8644,0,107774.1414,0,102268.8451
123,2021-09-20,Baltimore Orioles,Philadelphia Phillies,0.3866,0.6134,0.39,0.61,-200,170,0.6666666667,0.3703703704,0,0.002577647059,0,0.003117647059,0,0.002847647059,265.8275859,335.9233529,292.9346053,1,105152.7713,1,108345.2111,1,102766.8339
124,2021-09-20,Toronto Blue Jays,Tampa Bay Rays,0.5261,0.4739,0.5,0.5,105,-125,0.487804878,0.5555555556,0,0,0.002380952381,0,0,0,0,256.5452381,0,-1,105152.7713,1,108614.5836,-1,102766.8339
125,2021-09-20,St. Louis Cardinals,Milwaukee Brewers,0.3195,0.6805,0.38,0.62,-225,185,0.6923076923,0.350877193,0,0,0,0.004486486486,0,0,0,483.4144324,0,-1,105152.7713,1,109508.9003,-1,102766.8339
126,2021-09-20,Houston Astros,Los Angeles Angels,0.6573,0.3427,0.57,0.43,185,-225,0.350877193,0.6923076923,0,0,0.01218918919,0,0,0,0,1313.372946,0,-1,105152.7713,0,108195.5274,-1,102766.8339
127,2021-09-20,Seattle Mariners,Oakland Athletics,0.3704,0.6296,0.42,0.58,-175,145,0.6363636364,0.4081632653,0,0,0,0.002,0,0,0,215.498,0,-1,105152.7713,1,108507.9995,-1,102766.8339
128,2021-09-20,Atlanta Braves,Arizona Diamondbacks,0.5766,0.4234,0.63,0.37,165,-200,0.3773584906,0.6666666667,0.007394545455,0,0,0,0,0,762.5846836,0,0,0,104390.1866,-1,108507.9995,-1,102766.8339
129,2021-09-21,Chicago White Sox,Detroit Tigers,0.6162,0.3838,0.5,0.5,135,-160,0.4255319149,0.6153846154,0,0.000212,0.01296296296,0,0,0,22.13068,1406.585185,0,0,104367.8693,1,110406.89,-1,102767
130,2021-09-21,Kansas City Royals,Cleveland Indians,0.4694,0.5306,0.39,0.61,-130,105,0.5652173913,0.487804878,0,0,0.0103,0,0,0,0,1117.6324,0,-1,104367.8693,1,111266.6072,-1,102767
131,2021-09-21,Pittsburgh Pirates,Cincinnati Reds,0.384,0.616,0.34,0.66,-185,150,0.649122807,0.4,0,0,0.0031,0,0,0,0,336.3748,0,-1,104367.8693,0,110930.2324,-1,102767
132,2021-09-21,Texas Rangers,New York Yankees,0.3091,0.6909,0.35,0.65,-275,220,0.7333333333,0.3125,0,0,0,0.005454545455,0,0,0,591.8618182,0,-1,104367.8693,0,110338.3706,-1,102767
133,2021-09-21,New York Mets,Boston Red Sox,0.4004,0.5996,0.46,0.54,-145,120,0.5918367347,0.4545454545,0.001902,0,0,0.001,0,0,198.54978,108.508,0,1,104504.8002,0,110229.8626,-1,102767
134,2021-09-21,Toronto Blue Jays,Tampa Bay Rays,0.5099,0.4901,0.43,0.57,-115,-105,0.5348837209,0.512195122,0,0,0.00755,0,0,0,0,819.2354,0,-1,104504.8002,0,109410.6272,-1,102767
135,2021-09-21,Minnesota Twins,Chicago Cubs,0.5052,0.4948,0.44,0.56,-115,-105,0.5348837209,0.512195122,0,0,0.0054,0,0,0,0,585.9432,0,-1,104504.8002,0,108824.684,-1,102767
136,2021-09-22,Toronto Blue Jays,Tampa Bay Rays,0.5283,0.4717,0.43,0.57,-115,-105,0.5348837209,0.512195122,0,0.0033015,0.00755,0,0,0,345.019956,821.62875,0,0,104159.98,1,109539.4598,-1,102767
137,2021-09-22,Washington Nationals,Miami Marlins,0.5306,0.4694,0.46,0.54,-130,105,0.5652173913,0.487804878,0,0.008355238095,0,0,0,0,873.1558019,0,0,1,105076.7936,-1,109539.4598,-1,102767
138,2021-09-22,Minnesota Twins,Chicago Cubs,0.5566,0.4434,0.5,0.5,-110,-110,0.5238095238,0.5238095238,0,0.006886,0,0,0,0,719.614544,0,0,1,105730.9887,-1,109539.4598,-1,102767
139,2021-09-22,Los Angeles Dodgers,Colorado Rockies,0.6203,0.3797,0.65,0.35,150,-185,0.4,0.649122807,0,0,0,0.00025,0,0,0,27.20625,0,-1,105730.9887,0,109512.2535,-1,102767
140,2021-09-22,Houston Astros,Los Angeles Angels,0.595,0.405,0.61,0.39,165,-200,0.3773584906,0.6666666667,0.004439393939,0,0.00203030303,0,0.003234848485,0,463.9344242,220.9477273,332.4356742,0,105267.0543,0,109291.3058,0,102434.5643
141,2021-09-22,Atlanta Braves,Arizona Diamondbacks,0.6187,0.3813,0.59,0.41,150,-185,0.4,0.649122807,0,0,0.001666666667,0,0,0,0,181.375,0,-1,105267.0543,0,109109.9308,-1,102434.5643
142,2021-09-23,Chicago White Sox,Cleveland Indians,0.5407,0.4593,0.45,0.55,110,-135,0.4761904762,0.5744680851,0,0,0.01409090909,0,0,0,0,1537.459091,0,-1,105267,1,110801.205,-1,102435
143,2021-09-23,St. Louis Cardinals,Milwaukee Brewers,0.4501,0.5499,0.52,0.48,-120,100,0.5454545455,0.5,0.000978,0,0,0.004,0,0,102.951126,436.44,0,0,105164.0489,1,111237.645,-1,102435
144,2021-09-23,Los Angeles Dodgers,Colorado Rockies,0.6393,0.3607,0.7,0.3,195,-250,0.3389830508,0.7142857143,0.003285384615,0,0,0,0,0,345.8425823,0,0,0,104818.2063,-1,111237.645,-1,102435
145,2021-09-23,Seattle Mariners,Oakland Athletics,0.4412,0.5588,0.38,0.62,-145,120,0.5918367347,0.4545454545,0,0,0.0069,0,0,0,0,752.859,0,-1,104818.2063,0,110484.786,-1,102435
146,2021-09-23,Atlanta Braves,Arizona Diamondbacks,0.5755,0.4245,0.64,0.36,150,-185,0.4,0.649122807,0.004083333333,0,0,0,0,0,429.84025,0,0,1,105462.9667,-1,110484.786,-1,102435
147,2021-09-23,San Francisco Giants,San Diego Padres,0.5295,0.4705,0.52,0.48,-115,-105,0.5348837209,0.512195122,0,0.0035475,0,0.0016,0,0.00257375,373.4346825,174.576,263.6420813,0,105089.532,0,110310.21,0,102171.3579
148,2021-09-23,Pittsburgh Pirates,Philadelphia Phillies,0.2821,0.7179,0.35,0.65,-250,200,0.7142857143,0.3333333333,0.001265,0,0,0.0025,0,0,133.162755,272.775,0,1,105142.7971,0,110037.435,-1,102171.3579
149,2021-09-23,Toronto Blue Jays,Minnesota Twins,0.543,0.457,0.51,0.49,125,-150,0.4444444444,0.6,0.00226,0,0.0082,0,0.00523,0,237.90342,894.702,535.73505,1,105440.1764,1,111155.8125,1,102841.0267
150,2021-09-23,Houston Astros,Los Angeles Angels,0.5626,0.4374,0.58,0.42,150,-185,0.4,0.649122807,0.006233333333,0,0.003333333333,0,0.004783333333,0,656.1643,363.7,489.98075,1,106424.4228,1,111701.3625,1,103575.9979
151,2021-09-24,St. Louis Cardinals,Chicago Cubs,0.5082,0.4918,0.51,0.49,125,-155,0.4444444444,0.6078431373,0.008524,0,0.0082,0,0.008362,0,907.158176,915.9482,866.102512,0,105516.8418,0,110785.0518,0,102709.8975
152,2021-09-24,Texas Rangers,Baltimore Orioles,0.5413,0.4587,0.52,0.48,-110,-110,0.5238095238,0.5238095238,0,0.003673,0,0,0,0,390.895352,0,0,1,105872.2012,-1,110785.0518,-1,102709.8975
153,2021-09-24,Pittsburgh Pirates,Philadelphia Phillies,0.348,0.652,0.36,0.64,-250,195,0.7142857143,0.3389830508,0,0.001364102564,0,0.003179487179,0,0.002271794872,145.1732513,355.1518974,235.3034256,0,105727.028,0,110429.8999,0,102474.5941
154,2021-09-24,Washington Nationals,Cincinnati Reds,0.3311,0.6689,0.41,0.59,-185,150,0.649122807,0.4,0.0056365,0,0,0.001666666667,0,0,599.858876,186.1683333,0,1,106051.276,0,110243.7316,-1,102474.5941
155,2021-09-24,Kansas City Royals,Detroit Tigers,0.5202,0.4798,0.44,0.56,-105,-115,0.512195122,0.5348837209,0,0,0.0098,0,0,0,0,1094.6698,0,-1,106051.276,0,109149.0618,-1,102474.5941
156,2021-09-24,Chicago White Sox,Cleveland Indians,0.505,0.495,0.45,0.55,105,-125,0.487804878,0.5555555556,0.001404761905,0,0.01214285714,0,0.006773809524,0,149.500381,1356.369286,701.6040952,0,105901.7756,0,107792.6925,0,101772.99
157,2021-09-24,New York Mets,Milwaukee Brewers,0.4601,0.5399,0.42,0.58,-155,125,0.6078431373,0.4444444444,0,0.002818,0,0,0,0,299.902832,0,0,0,105601.8728,-1,107792.6925,-1,101772.99
158,2021-09-24,Toronto Blue Jays,Minnesota Twins,0.5236,0.4764,0.55,0.45,125,-155,0.4444444444,0.6078431373,0.005752,0,0.001,0,0.003376,0,612.150848,111.701,349.672576,1,106367.0614,1,107932.3187,1,102210.0807
159,2021-09-24,Los Angeles Dodgers,Arizona Diamondbacks,0.6314,0.3686,0.68,0.32,180,-225,0.3571428571,0.6923076923,0.001782222222,0,0,0,0,0,189.6712178,0,0,0,106177.3902,-1,107932.3187,-1,102210.0807
160,2021-09-25,St. Louis Cardinals,Chicago Cubs,0.5268,0.4732,0.53,0.47,130,-150,0.4347826087,0.6,0.006796923077,0,0.006230769231,0,0.006513846154,0,721.6769015,672.4993846,665.7802154,0,105455.3231,0,107259.5006,0,101544.2198
161,2021-09-25,Pittsburgh Pirates,Philadelphia Phillies,0.2605,0.7395,0.33,0.67,-275,220,0.7333333333,0.3125,0.0023125,0,0,0.002545454545,0,0,245.5343125,274.736,0,1,105544.6083,0,106984.7646,-1,101544.2198
162,2021-09-25,Miami Marlins,Tampa Bay Rays,0.388,0.612,0.35,0.65,-210,175,0.6774193548,0.3636363636,0,0.003828571429,0,0,0,0,406.5062286,0,0,0,105138.1021,-1,106984.7646,-1,101544.2198
163,2021-09-25,Kansas City Royals,Detroit Tigers,0.4972,0.5028,0.43,0.57,-135,115,0.5744680851,0.4651162791,0,0.00599826087,0,0,0,0,636.8773443,0,0,0,104501.2247,-1,106984.7646,-1,101544.2198
164,2021-09-25,Texas Rangers,Baltimore Orioles,0.5163,0.4837,0.47,0.53,-115,-105,0.5348837209,0.512195122,0,0.0008415,0,0,0,0,89.3479455,0,0,0,104411.8768,-1,106984.7646,-1,101544.2198
165,2021-09-25,Washington Nationals,Cincinnati Reds,0.5006,0.4994,0.45,0.55,-135,115,0.5744680851,0.4651162791,0,0.006633913043,0,0,0,0,704.3689852,0,0,0,103707.5078,-1,106984.7646,-1,101544.2198
166,2021-09-25,New York Mets,Milwaukee Brewers,0.3498,0.6502,0.39,0.61,-220,180,0.6875,0.3571428571,0,0,0,0.005111111111,0,0,0,551.6524444,0,-1,103707.5078,0,106433.1122,-1,101544.2198
167,2021-09-25,Toronto Blue Jays,Minnesota Twins,0.5663,0.4337,0.58,0.42,160,-190,0.3846153846,0.6551724138,0.00797625,0,0.00575,0,0.006863125,0,846.8942962,620.609,701.4800062,0,102860.6135,0,105812.5032,0,100842.7398
168,2021-09-25,Chicago White Sox,Cleveland Indians,0.6268,0.3732,0.57,0.43,170,-200,0.3703703704,0.6666666667,0.0004494117647,0,0.009470588235,0,0.00496,0,47.71719294,1022.179529,506.9616,1,102941.7327,1,107550.2084,1,101704.5745
169,2021-09-25,Atlanta Braves,San Diego Padres,0.4842,0.5158,0.53,0.47,105,-125,0.487804878,0.5555555556,0.005465714286,0,0,0,0,0,580.3331457,0,0,0,102361.3996,-1,107550.2084,-1,101704.5745
170,2021-09-25,San Francisco Giants,Colorado Rockies,0.5485,0.4515,0.59,0.41,130,-150,0.4347826087,0.6,0.002957692308,0,0,0,0,0,314.0388962,0,0,0,102047.3607,-1,107550.2084,-1,101704.5745
171,2021-09-25,Seattle Mariners,Los Angeles Angels,0.5401,0.4599,0.5,0.5,120,-140,0.4545454545,0.5833333333,0.0009816666667,0,0.008333333333,0,0.0046575,0,104.2304217,899.4333333,476.043075,1,102172.4372,1,108629.5284,1,102275.8262
172,2021-09-26,Kansas City Royals,Detroit Tigers,0.5439,0.4561,0.44,0.56,-105,-115,0.512195122,0.5348837209,0,0.0019385,0.0098,0,0,0,198.060422,1064.574,0,1,102344.6636,0,107564.9544,-1,102275.8262
173,2021-09-26,Pittsburgh Pirates,Philadelphia Phillies,0.404,0.596,0.32,0.68,-200,170,0.6666666667,0.3703703704,0,0.005341176471,0.004,0,0,0,545.7186824,434.52,0,1,103272.3854,0,107130.4344,-1,102275.8262
174,2021-09-26,Texas Rangers,Baltimore Orioles,0.5457,0.4543,0.47,0.53,-135,115,0.5744680851,0.4651162791,0,0.01506565217,0,0.0009130434783,0,0.007989347826,1539.287814,99.18391304,817.1185383,1,105042.5664,1,107244.4959,1,103215.5125
175,2021-09-26,Miami Marlins,Tampa Bay Rays,0.3349,0.6651,0.3,0.7,-290,230,0.7435897436,0.303030303,0,0.004572608696,0,0,0,0,467.1925757,0,0,0,104575.3738,-1,107244.4959,-1,103215.5125
176,2021-09-26,Washington Nationals,Cincinnati Reds,0.3922,0.6078,0.42,0.58,-180,155,0.6428571429,0.3921568627,0,7.10E-06,0,0.004580645161,0,0.002293870968,0.7250916129,497.5954839,234.6079471,0,104574.6487,0,106746.9004,0,102980.9046
177,2021-09-26,Chicago White Sox,Cleveland Indians,0.5595,0.4405,0.52,0.48,140,-160,0.4166666667,0.6153846154,0.004085714286,0,0.01085714286,0,0.007471428571,0,417.4456,1179.411429,764.1478286,0,104157.2031,0,105567.489,0,102216.7567
178,2021-09-26,Toronto Blue Jays,Minnesota Twins,0.5684,0.4316,0.59,0.41,160,-190,0.3846153846,0.6551724138,0.007635,0,0.004125,0,0.00588,0,780.08322,448.09875,601.38288,0,103377.1199,0,105119.3902,0,101615.3739
179,2021-09-26,New York Mets,Milwaukee Brewers,0.3959,0.6041,0.42,0.58,-170,150,0.6296296296,0.4,0,0,0,0.003333333333,0,0,0,362.1,0,-1,103377.1199,0,104757.2902,-1,101615.3739
180,2021-09-26,St. Louis Cardinals,Chicago Cubs,0.5145,0.4855,0.55,0.45,140,-160,0.4166666667,0.6153846154,0.0118,0,0.005714285714,0,0.008757142857,0,1205.6296,620.7428571,895.6455429,0,102171.4903,0,104136.5474,0,100719.7283
181,2021-09-26,San Francisco Giants,Colorado Rockies,0.5639,0.4361,0.58,0.42,150,-170,0.4,0.6296296296,0.006016666667,0,0.003333333333,0,0.004675,0,614.7348667,362.1,478.1403,0,101556.7554,0,103774.4474,0,100241.588
182,2021-09-26,Houston Astros,Oakland Athletics,0.5105,0.4895,0.56,0.44,100,-120,0.5,0.5454545455,0,0,0,0.0032,0,0,0,347.616,0,-1,101556.7554,0,103426.8314,-1,100241.588
183,2021-09-26,Seattle Mariners,Los Angeles Angels,0.441,0.559,0.46,0.54,-140,120,0.5833333333,0.4545454545,0,0,0,0.001,0,0,0,108.63,0,-1,101556.7554,1,103557.1874,-1,100241.588
184,2021-09-26,Atlanta Braves,San Diego Padres,0.3709,0.6291,0.43,0.57,-150,130,0.6,0.4347826087,0.007275,0,0,0,0,0,743.3013,0,0,0,100813.4541,-1,103557.1874,-1,100241.588
185,2021-09-27,Chicago White Sox,Detroit Tigers,0.6159,0.3841,0.52,0.48,140,-160,0.4166666667,0.6153846154,0,0.000134,0.01085714286,0,0,0,13.50900285,1124.335177,0,1,100821.8973,0,102432.8522,-1,100241.588
186,2021-09-27,Kansas City Royals,Cleveland Indians,0.4655,0.5345,0.35,0.65,-160,140,0.6153846154,0.4166666667,0,0.008371428571,0.009,0,0,0,843.9526304,932.0146862,0,0,99977.94464,1,103015.3614,-1,100241.588
187,2021-09-27,Washington Nationals,Colorado Rockies,0.424,0.576,0.43,0.57,-180,155,0.6428571429,0.3921568627,0,0.005238709677,0,0.006225806452,0,0.005732258065,528.1324178,644.7270051,574.6106513,1,100796.5499,1,104014.6882,1,101132.2345
188,2021-09-27,Oakland Athletics,Seattle Mariners,0.5158,0.4842,0.47,0.53,-110,-110,0.5238095238,0.5238095238,0,0,0.0013,0,0,0,0,134.6243436,0,-1,100796.5499,1,104137.074,-1,101132.2345
189,2021-09-27,Chicago White Sox,Detroit Tigers,0.6159,0.3841,0.52,0.48,140,-160,0.4166666667,0.6153846154,0,0.000134,0.01085714286,0,0,0,13.50900285,1124.335177,0,1,100804.993,0,103012.7388,-1,101132.2345
190,2021-09-27,Kansas City Royals,Cleveland Indians,0.4655,0.5345,0.35,0.65,-160,140,0.6153846154,0.4166666667,0,0.008371428571,0.009,0,0,0,843.9526304,932.0146862,0,0,99961.04038,1,103595.248,-1,101132.2345
191,2021-09-27,Washington Nationals,Colorado Rockies,0.424,0.576,0.43,0.57,-180,155,0.6428571429,0.3921568627,0,0.005238709677,0,0.006225806452,0,0.005732258065,528.1324178,644.7270051,574.6106513,1,100779.6456,1,104594.5748,1,102022.881
192,2021-09-27,Oakland Athletics,Seattle Mariners,0.5158,0.4842,0.47,0.53,-110,-110,0.5238095238,0.5238095238,0,0,0.0013,0,0,0,0,134.6243436,0,-1,100779.6456,1,104716.9606,-1,102022.881
193,2021-09-28,Miami Marlins,New York Mets,0.3869,0.6131,0.41,0.59,-180,155,0.6428571429,0.3921568627,0,0,0,0.002935483871,0,0,0,305.692701,0,-1,100779.6456,0,104411.2679,-1,102022.881
194,2021-09-28,Chicago Cubs,Pittsburgh Pirates,0.4529,0.5471,0.54,0.46,-110,-110,0.5238095238,0.5238095238,0.004891,0,0,0.0034,0,0,492.9959255,354.0660515,0,1,101227.8237,0,104057.2019,-1,102022.881
195,2021-09-28,Boston Red Sox,Baltimore Orioles,0.7019,0.2981,0.66,0.34,215,-265,0.3174603175,0.7260273973,0,0,0.003302325581,0,0,0,0,343.8945234,0,-1,101227.8237,1,104796.5751,-1,102022.881
196,2021-09-28,New York Yankees,Toronto Blue Jays,0.4702,0.5298,0.48,0.52,-130,110,0.5652173913,0.4761904762,0,0,0,0.0007272727273,0,0,0,75.7360538,0,-1,101227.8237,1,104879.8847,-1,102022.881
197,2021-09-28,Philadelphia Phillies,Atlanta Braves,0.5163,0.4837,0.42,0.58,-120,100,0.5454545455,0.5,0,0.00326,0.0076,0,0,0,328.5967526,791.4417622,0,0,100899.227,1,105539.4195,-1,102022.881
198,2021-09-28,Milwaukee Brewers,St. Louis Cardinals,0.5592,0.4408,0.47,0.53,105,-125,0.487804878,0.5555555556,0,0.00082,0.008238095238,0,0,0,82.65317091,857.8911332,0,0,100816.5738,1,106440.2052,-1,102022.881
199,2021-09-28,Cincinnati Reds,Chicago White Sox,0.4199,0.5801,0.44,0.56,-180,155,0.6428571429,0.3921568627,0,0.004564193548,0,0.007870967742,0,0.006217580645,460.0549627,819.65955,628.7978239,0,100356.5189,0,105620.5457,0,101394.0832
200,2021-09-28,Tampa Bay Rays,Houston Astros,0.3994,0.6006,0.45,0.55,-140,120,0.5833333333,0.4545454545,0.004144,0,0,0,0,0,417.7009027,0,0,1,100654.8766,-1,105620.5457,-1,101394.0832
201,2021-09-28,Washington Nationals,Colorado Rockies,0.4295,0.5705,0.46,0.54,-140,120,0.5833333333,0.4545454545,0,0,0,0.001,0,0,0,104.137074,0,-1,100654.8766,0,105516.4086,-1,101394.0832
202,2021-09-28,Arizona Diamondbacks,San Francisco Giants,0.3498,0.6502,0.29,0.71,-290,230,0.7435897436,0.303030303,0,0.006710434783,0,0,0,0,676.3886743,0,0,0,99978.48797,-1,105516.4086,-1,101394.0832
203,2021-09-28,Oakland Athletics,Seattle Mariners,0.5642,0.4358,0.55,0.45,105,-125,0.487804878,0.5555555556,0,0.001945,0,0,0,0,196.0492895,0,0,0,99782.43868,-1,105516.4086,-1,101394.0832
204,2021-09-29,Washington Nationals,Colorado Rockies,0.4441,0.5559,0.54,0.46,-116,-102,0.537037037,0.504950495,0.0040744,0,0,0.00708,0,0,406.5535682,747.0561729,0,1,100132.9159,0,104769.3524,-1,101394.0832
205,2021-09-29,Chicago Cubs,Pittsburgh Pirates,0.4756,0.5244,0.52,0.48,100,-118,0.5,0.5412844037,0.00488,0,0,0,0,0,486.9383008,0,0,0,99645.97759,-1,104769.3524,-1,101394.0832
206,2021-09-29,Boston Red Sox,Baltimore Orioles,0.6662,0.3338,0.64,0.36,210,-255,0.3225806452,0.7183098592,0.001656190476,0,0.005523809524,0,0.00359,0,165.2587246,582.8525428,364.0047587,0,99480.71887,0,104186.4999,0,101030.0784
207,2021-09-29,New York Yankees,Toronto Blue Jays,0.5305,0.4695,0.49,0.51,-102,-116,0.504950495,0.537037037,0,0,0.00102,0,0,0,0,107.6267368,0,-1,99480.71887,1,104292.0163,-1,101030.0784
208,2021-09-29,Miami Marlins,New York Mets,0.3828,0.6172,0.4,0.6,-180,152,0.6428571429,0.3968253968,0,0,0,0.0005263157895,0,0,0,55.5349519,0,-1,99480.71887,1,104376.4294,-1,101030.0784
209,2021-09-29,Philadelphia Phillies,Atlanta Braves,0.4479,0.5521,0.38,0.62,-142,120,0.5867768595,0.4545454545,0,0,0.00804,0,0,0,0,848.3519252,0,-1,99480.71887,1,104973.8604,-1,101030.0784
210,2021-09-29,Detroit Tigers,Minnesota Twins,0.3722,0.6278,0.43,0.57,-188,158,0.6527777778,0.3875968992,0,0,0,0.006924050633,0,0,0,730.6009558,0,-1,99480.71887,0,104243.2594,-1,101030.0784
211,2021-09-29,Los Angeles Angels,Texas Rangers,0.4619,0.5381,0.52,0.48,-122,104,0.5495495495,0.4901960784,0,0,0,0.005846153846,0,0,0,616.865158,0,-1,99480.71887,1,104884.7992,-1,101030.0784
212,2021-09-29,Cincinnati Reds,Chicago White Sox,0.3817,0.6183,0.42,0.58,-178,150,0.6402877698,0.4,0,0,0,0.003333333333,0,0,0,351.721362,0,-1,99480.71887,0,104533.0778,-1,101030.0784
213,2021-09-29,Arizona Diamondbacks,San Francisco Giants,0.3573,0.6427,0.32,0.68,-275,225,0.7333333333,0.3076923077,0,0.007165555556,0,0.001777777778,0,0.004471666667,714.9966078,187.5847264,453.4005421,0,98765.72226,0,104345.4931,0,100576.6779
214,2021-09-29,San Diego Padres,Los Angeles Dodgers,0.3457,0.6543,0.25,0.75,-295,240,0.746835443,0.2941176471,0,0.0073075,0.00125,0,0,0,729.1601707,131.8955108,0,0,98036.56209,1,104390.2034,-1,100576.6779
215,2021-09-30,Milwaukee Brewers,St. Louis Cardinals,0.4756,0.5244,0.46,0.54,-116,-102,0.537037037,0.504950495,0,0,0.00064,0,0,0,0,66.80973019,0,-1,98036.56209,1,104447.798,-1,100576.6779
216,2021-09-30,Los Angeles Angels,Texas Rangers,0.5605,0.4395,0.57,0.43,110,-130,0.4761904762,0.5652173913,0,0,0,0.0011,0,0,0,114.8292238,0,-1,98036.56209,0,104332.9688,-1,100576.6779
217,2021-09-30,Boston Red Sox,Baltimore Orioles,0.6448,0.3552,0.64,0.36,184,-220,0.3521126761,0.6875,0.0004765217391,0,0.001217391304,0,0.0008469565217,0,46.71655307,127.0837259,85.18407328,1,98122.52055,1,104566.8028,1,100733.4166
218,2021-09-30,New York Yankees,Toronto Blue Jays,0.478,0.522,0.43,0.57,-142,120,0.5867768595,0.4545454545,0,0.0043,0,0,0,0,421.557217,0,0,1,98628.38921,-1,104566.8028,-1,100733.4166
219,2021-09-30,Philadelphia Phillies,Atlanta Braves,0.442,0.558,0.39,0.61,-156,132,0.609375,0.4310344828,0,0.001927272727,0.00016,0,0,0,188.9431924,16.70243255,0,0,98439.44602,1,104577.5095,-1,100733.4166
220,2021-09-30,Detroit Tigers,Minnesota Twins,0.3889,0.6111,0.43,0.57,-200,168,0.6666666667,0.3731343284,0,0.002515,0,0.009071428571,0,0.005793214286,246.5619537,946.9682739,582.6622472,1,98853.6701,1,106168.4162,1,101712.2892
221,2021-09-30,Cleveland Indians,Kansas City Royals,0.5232,0.4768,0.58,0.42,126,-148,0.4424778761,0.5967741935,0.006156190476,0,0,0,0,0,603.5317499,0,0,0,98250.13835,-1,106168.4162,-1,101712.2892
222,2021-09-30,San Diego Padres,Los Angeles Dodgers,0.3716,0.6284,0.34,0.66,-215,180,0.6825396825,0.3571428571,0,0.002248888889,0,0,0,0,220.4733352,0,0,0,98029.66501,-1,106168.4162,-1,101712.2892
223,2021-10-01,Boston Red Sox,Washington Nationals,0.6683,0.3317,0.54,0.46,168,-200,0.3731343284,0.6666666667,0,0.00049,0.01385714286,0,0,0,48.03453586,1471.190911,0,1,98053.68228,0,104697.2253,-1,101712.2892
224,2021-10-01,Cleveland Indians,Texas Rangers,0.482,0.518,0.55,0.45,104,-122,0.4901960784,0.5495495495,0.005453846154,0,0,0.0001,0,0,534.6387115,10.61684162,0,0,97519.04357,1,104705.9277,-1,101712.2892
225,2021-10-01,Detroit Tigers,Chicago White Sox,0.2723,0.7277,0.34,0.66,-280,230,0.7368421053,0.303030303,0,0,0,0.005304347826,0,0,0,563.1542079,0,-1,97519.04357,0,104142.7734,-1,101712.2892
226,2021-10-01,Milwaukee Brewers,Los Angeles Dodgers,0.3344,0.6656,0.35,0.65,-230,190,0.696969697,0.3448275862,0,0,0,0.0007894736842,0,0,0,83.81717071,0,-1,97519.04357,0,104058.9563,-1,101712.2892
227,2021-10-01,Los Angeles Angels,Seattle Mariners,0.4383,0.5617,0.39,0.61,-174,146,0.6350364964,0.406504065,0,0.00535739726,0,0,0,0,525.1838588,0,0,1,98285.812,-1,104058.9563,-1,101712.2892
228,2021-10-02,Tampa Bay Rays,New York Yankees,0.3812,0.6188,0.48,0.52,-136,116,0.5762711864,0.462962963,0.0100368,0,0,0.003172413793,0,0,986.4750379,330.1180682,0,0,97299.33697,1,104441.8932,-1,101712.2892
229,2021-10-02,Baltimore Orioles,Toronto Blue Jays,0.279,0.721,0.33,0.67,-280,230,0.7368421053,0.303030303,0,0,0,0.003869565217,0,0,0,402.6629178,0,-1,97299.33697,0,104039.2303,-1,101712.2892
230,2021-10-02,Boston Red Sox,Washington Nationals,0.5331,0.4669,0.57,0.43,126,-148,0.4424778761,0.5967741935,0.00438047619,0,0,0,0,0,430.5386593,0,0,0,96868.79831,-1,104039.2303,-1,101712.2892
231,2021-10-02,San Diego Padres,San Francisco Giants,0.4879,0.5121,0.41,0.59,-162,136,0.6183206107,0.4237288136,0,0.01113558824,0,0,0,0,1094.470332,0,0,1,98357.27796,-1,104039.2303,-1,101712.2892
232,2021-10-02,Cincinnati Reds,Pittsburgh Pirates,0.573,0.427,0.59,0.41,136,-162,0.4237288136,0.6183206107,0.0005676470588,0,0,0,0,0,55.79165211,0,0,1,98433.1546,-1,104039.2303,-1,101712.2892
233,2021-10-02,Cleveland Indians,Texas Rangers,0.5513,0.4487,0.58,0.42,130,-154,0.4347826087,0.6062992126,0.002462307692,0,0,0,0,0,242.0099109,0,0,1,98747.76749,-1,104039.2303,-1,101712.2892
234,2021-10-02,Oakland Athletics,Houston Astros,0.4188,0.5812,0.38,0.62,-166,140,0.6240601504,0.4166666667,0,0.0003657142857,0,0,0,0,35.94452553,0,0,0,98711.82296,-1,104039.2303,-1,101712.2892
235,2021-10-02,Detroit Tigers,Chicago White Sox,0.2686,0.7314,0.32,0.68,-290,235,0.7435897436,0.2985074627,0,0,0,0.003063829787,0,0,0,318.8189299,0,-1,98711.82296,0,103720.4114,-1,101712.2892
236,2021-10-02,Chicago Cubs,St. Louis Cardinals,0.3825,0.6175,0.4,0.6,-186,156,0.6503496503,0.390625,0,0,0,0.001538461538,0,0,0,160.090702,0,-1,98711.82296,1,103970.1529,-1,101712.2892
237,2021-10-02,New York Mets,Atlanta Braves,0.488,0.512,0.45,0.55,-130,110,0.5652173913,0.4761904762,0,0.002254545455,0,0,0,0,221.5898307,0,0,0,98490.23313,-1,103970.1529,-1,101712.2892
238,2021-10-02,Colorado Rockies,Arizona Diamondbacks,0.4245,0.5755,0.51,0.49,-142,120,0.5867768595,0.4545454545,0,0,0,0.01016666667,0,0,0,1057.932722,0,-1,98490.23313,0,102912.2202,-1,101712.2892
239,2021-10-02,Los Angeles Angels,Seattle Mariners,0.4632,0.5368,0.43,0.57,-188,158,0.6527777778,0.3875968992,0,0.01234531646,0,0.006924050633,0,0.009634683544,1213.369452,720.5094821,979.9657188,0,97276.86368,0,102191.7107,0,100732.3235
0,2021-10-03,Cleveland Indians,Texas Rangers,0.4529,0.5471,0.53,0.47,-108,-108,0.5192307692,0.5192307692,0.0057968,0,0,0.00224,0,0,563.8945234,228.9094319,0,0,96712.96916,1,102403.6639,-1,100732.3235
1,2021-10-03,Cincinnati Reds,Pittsburgh Pirates,0.547,0.453,0.56,0.44,124,-146,0.4464285714,0.593495935,0.001187096774,0,0,0,0,0,115.4770511,0,0,0,96597.49211,-1,102403.6639,-1,100732.3235
2,2021-10-03,San Diego Padres,San Francisco Giants,0.3598,0.6402,0.36,0.64,-215,180,0.6825396825,0.3571428571,0,0.0004133333333,0,0.0004444444444,0,0.0004288888889,40.20777032,45.41853808,43.20297428,0,96557.28434,0,102358.2453,0,100689.1205
3,2021-10-03,Boston Red Sox,Washington Nationals,0.7102,0.2898,0.58,0.42,176,-210,0.3623188406,0.6774193548,0,0.010162,0.009045454545,0,0,0,988.5274887,924.3704739,0,1,97028.01171,0,101433.8748,-1,100689.1205
4,2021-10-03,Tampa Bay Rays,New York Yankees,0.3936,0.6064,0.49,0.51,-142,120,0.5867768595,0.4545454545,0.0047488,0,0,0.0065,0,0,461.9483702,664.2461194,0,1,97353.32747,0,100769.6287,-1,100689.1205
5,2021-10-03,Baltimore Orioles,Toronto Blue Jays,0.2614,0.7386,0.31,0.69,-350,280,0.7777777778,0.2631578947,0,0,0,0.006357142857,0,0,0,649.6473036,0,-1,97353.32747,0,100119.9814,-1,100689.1205
6,2021-10-03,Philadelphia Phillies,Miami Marlins,0.5354,0.4646,0.52,0.48,-104,-112,0.5098039216,0.5283018868,0,0.0015048,0,0,0,0,146.3822245,0,0,0,97206.94524,-1,100119.9814,-1,100689.1205
7,2021-10-03,Detroit Tigers,Chicago White Sox,0.2635,0.7365,0.37,0.63,-255,210,0.7183098592,0.3225806452,0.0064575,0,0,0.007,0,0,628.1653472,715.3419747,0,0,96578.77989,1,101622.1996,-1,100689.1205
8,2021-10-03,Oakland Athletics,Houston Astros,0.4119,0.5881,0.37,0.63,-168,142,0.6268656716,0.4132231405,0,0,0.00084,0,0,0,0,85.84103697,0,-1,96578.77989,1,101673.2954,-1,100689.1205
9,2021-10-03,Milwaukee Brewers,Los Angeles Dodgers,0.3497,0.6503,0.31,0.69,-295,240,0.746835443,0.2941176471,0,0.007874166667,0,0.00225,0,0.005062083333,765.9742374,229.931349,509.9154157,0,95812.80566,0,101443.3641,0,100179.2051
10,2021-10-03,Minnesota Twins,Kansas City Royals,0.4942,0.5058,0.53,0.47,-108,-108,0.5192307692,0.5192307692,0,0,0,0.00224,0,0,0,228.9094319,0,-1,95812.80566,1,101655.3173,-1,100179.2051
11,2021-10-03,Los Angeles Angels,Seattle Mariners,0.468,0.532,0.42,0.58,-180,152,0.6428571429,0.3968253968,0,0.0118,0,0.003842105263,0,0.007821052632,1147.866991,392.6313094,787.8328034,1,97557.56348,1,102252.1168,1,101376.7109
12,2021-10-03,Chicago Cubs,St. Louis Cardinals,0.4346,0.5654,0.39,0.61,-158,134,0.6124031008,0.4273504274,0,0.001265970149,0,0,0,0,123.1496056,0,0,1,97722.58395,-1,102252.1168,-1,101376.7109
13,2021-10-03,New York Mets,Atlanta Braves,0.3873,0.6127,0.38,0.62,-156,132,0.609375,0.4310344828,0.0008512,0,0.00272,0,0.0017856,0,82.80206636,277.961453,179.8676368,1,97775.6622,1,102430.2973,1,101492.0107