,Date,Away_Team,Home_Team,Away_Prob_538,Home_Prob_538,Home_Odds,Away_Odds,Home_Prob_Odds,Away_Prob_Odds,Home_KC_538,Away_KC_538,Bet_538,Won_538,Tracker_538
0,1900-04-04,Arizona Diamondbacks,San Diego Padres,0.4,0.6,-145.0,125.0,0.5918367346938775,0.4444444444444444,0.0019999999999999,0.0,199.9999999999996,0,99800.0
1,1900-04-04,Chicago Cubs,Cincinnati Reds,0.51,0.49,110.0,-130.0,0.4761904761904761,0.5652173913043478,0.0026363636363636,0.0,263.63636363636385,0,99536.36363636365
2,1900-04-04,Minnesota Twins,Miami Marlins,0.47,0.53,-140.0,120.0,0.5833333333333334,0.4545454545454545,0.0,0.0028333333333333,283.33333333333263,0,99253.0303030303
3,1900-04-04,Philadelphia Phillies,New York Yankees,0.39,0.61,-155.0,135.0,0.6078431372549019,0.425531914893617,0.0005499999999999,0.0,54.999999999999886,0,99198.0303030303
4,1900-04-04,Tampa Bay Rays,Washington Nationals,0.53,0.47,155.0,-180.0,0.3921568627450981,0.6428571428571429,0.0128064516129032,0.0,1280.645161290322,0,97917.38514174
5,1900-04-04,Pittsburgh Pirates,Boston Red Sox,0.41,0.59,-140.0,120.0,0.5833333333333334,0.4545454545454545,0.0015999999999999,0.0,159.9999999999996,0,97757.38514174
6,1900-04-04,Toronto Blue Jays,Kansas City Royals,0.57,0.43,145.0,-170.0,0.4081632653061224,0.6296296296296297,0.0036896551724137,0.0,368.96551724137856,0,97388.4196244986
7,1900-04-04,New York Mets,Milwaukee Brewers,0.58,0.42,140.0,-165.0,0.4166666666666667,0.6226415094339622,0.0005714285714285,0.0,57.14285714285641,1,97468.4196244986
8,1900-04-04,Baltimore Orioles,Texas Rangers,0.48,0.52,-135.0,115.0,0.574468085106383,0.4651162790697674,0.0,0.0027826086956521,278.2608695652167,1,97788.4196244986
9,1900-04-04,Los Angeles Angels,Seattle Mariners,0.41,0.59,-170.0,145.0,0.6296296296296297,0.4081632653061224,0.0,0.0003103448275861,31.034482758619568,0,97757.38514174
10,1900-04-05,Tampa Bay Rays,Washington Nationals,0.65,0.35,215.0,-255.0,0.3174603174603174,0.7183098591549296,0.0047674418604651,0.0,466.0526500943416,0,97291.33249164566
11,1900-04-05,San Francisco Giants,Chicago White Sox,0.46,0.54,-140.0,120.0,0.5833333333333334,0.4545454545454545,0.0,0.001,97.75738514174007,0,97193.57510650392
12,1900-04-05,Cleveland Guardians,Oakland Athletics,0.52,0.48,110.0,-130.0,0.4761904761904761,0.5652173913043478,0.0007272727272727,0.0,71.0962801030837,0,97122.47882640084
13,1900-04-05,Los Angeles Angels,Seattle Mariners,0.55,0.45,130.0,-150.0,0.4347826086956521,0.6,0.0026923076923076,0.0,263.1929599969925,0,96859.28586640384
14,1900-04-06,Boston Red Sox,Detroit Tigers,0.55,0.45,125.0,-145.0,0.4444444444444444,0.5918367346938775,0.0009999999999999,0.0,96.8592858664035,0,96762.42658053745
15,1900-04-06,Toronto Blue Jays,Kansas City Royals,0.62,0.38,170.0,-200.0,0.3703703703703704,0.6666666666666665,0.0015294117647058,0.0,148.13773132508837,0,96614.28884921236
16,1900-04-06,San Diego Padres,Atlanta Braves,0.43,0.57,-165.0,140.0,0.6226415094339622,0.4166666666666667,0.0,0.0022857142857142,221.3926534089225,0,96392.89619580342
17,1900-04-06,Los Angeles Dodgers,Arizona Diamondbacks,0.53,0.47,125.0,-145.0,0.4444444444444444,0.5918367346938775,0.0045999999999999,0.0,445.5527149854569,0,95947.34348081796
18,1900-04-07,Miami Marlins,New York Mets,0.4,0.6,-180.0,155.0,0.6428571428571429,0.3921568627450981,0.0,0.0012903225806451,123.80302384621751,0,95823.54045697174
19,1900-04-07,New York Yankees,Baltimore Orioles,0.5,0.5,115.0,-135.0,0.4651162790697674,0.574468085106383,0.0065217391304347,0.0,625.7435444401168,1,96543.14553307788
20,1900-04-07,Houston Astros,Minnesota Twins,0.48,0.52,-130.0,110.0,0.5652173913043478,0.4761904761904761,0.0,0.0007272727272727,69.77988616786766,0,96473.36564691
21,1900-04-07,Chicago White Sox,Pittsburgh Pirates,0.49,0.51,120.0,-140.0,0.4545454545454545,0.5833333333333334,0.0101666666666666,0.0,975.4646587216494,1,97643.92323737596
22,1900-04-07,Kansas City Royals,San Francisco Giants,0.34,0.66,-190.0,160.0,0.6551724137931035,0.3846153846153847,0.0014,0.0,134.32628087314515,0,97509.59695650282
23,1900-04-07,Oakland Athletics,Tampa Bay Rays,0.35,0.65,-245.0,205.0,0.7101449275362319,0.3278688524590163,0.0,0.0032926829268292,315.9241797539123,0,97193.6727767489
24,1900-04-07,San Diego Padres,Atlanta Braves,0.44,0.56,-125.0,105.0,0.5555555555555556,0.4878048780487805,0.001,0.0,95.94734348081936,0,97097.72543326807
25,1900-04-07,St. Louis Cardinals,Milwaukee Brewers,0.42,0.58,-170.0,145.0,0.6296296296296297,0.4081632653061224,0.0,0.0019999999999999,191.89468696163533,0,96905.83074630646
26,1900-04-07,Washington Nationals,Colorado Rockies,0.49,0.51,-125.0,105.0,0.5555555555555556,0.4878048780487805,0.0,0.0004285714285714,41.12029006320723,1,96949.00705087282
27,1900-04-07,Toronto Blue Jays,Los Angeles Angels,0.49,0.51,-125.0,105.0,0.5555555555555556,0.4878048780487805,0.0,0.0004285714285714,41.12029006320723,1,96992.1833554392
28,1900-04-07,Los Angeles Dodgers,Arizona Diamondbacks,0.65,0.35,190.0,-225.0,0.3448275862068966,0.6923076923076923,0.0007894736842105,0.0,75.74790274801367,1,97136.10437066044
29,1900-04-08,Boston Red Sox,Detroit Tigers,0.57,0.43,110.0,-130.0,0.4761904761904761,0.5652173913043478,0.0,0.0010999999999999,106.8497148077258,1,97218.29645897407
30,1900-04-08,Chicago White Sox,Pittsburgh Pirates,0.52,0.48,110.0,-130.0,0.4761904761904761,0.5652173913043478,0.0007272727272727,0.0,70.64443954229856,0,97147.65201943176
31,1900-04-08,St. Louis Cardinals,Milwaukee Brewers,0.48,0.52,120.0,-140.0,0.4545454545454545,0.5833333333333334,0.012,0.0,1165.633252447925,0,95982.01876698383
32,1900-04-08,San Diego Padres,Atlanta Braves,0.45,0.55,-165.0,140.0,0.6226415094339622,0.4166666666666667,0.0,0.0057142857142857,555.0634535466307,1,96759.10760194912
33,1900-04-08,Washington Nationals,Colorado Rockies,0.46,0.54,-140.0,120.0,0.5833333333333334,0.4545454545454545,0.0,0.001,97.1361043706605,1,96875.67092719392
34,1900-04-09,Oakland Athletics,Tampa Bay Rays,0.33,0.67,-295.0,245.0,0.7468354430379747,0.2898550724637681,0.0,0.0056530612244898,547.644098914954,0,96328.02682827896
35,1900-04-09,Miami Marlins,New York Mets,0.39,0.61,-145.0,125.0,0.5918367346938775,0.4444444444444444,0.0044499999999999,0.0,431.0967356260128,0,95896.93009265295
36,1900-04-09,Texas Rangers,Chicago Cubs,0.46,0.54,-110.0,-110.0,0.5238095238095238,0.5238095238095238,0.0034,0.0,329.37728115245966,0,95567.5528115005
37,1900-04-09,Washington Nationals,Colorado Rockies,0.46,0.54,-140.0,120.0,0.5833333333333334,0.4545454545454545,0.0,0.001,96.875670927194,0,95470.6771405733
38,1900-04-09,Kansas City Royals,San Francisco Giants,0.37,0.63,-165.0,140.0,0.6226415094339622,0.4166666666666667,0.00195,0.0,188.90755830802848,1,95585.16656985087
39,1900-04-09,Los Angeles Dodgers,Arizona Diamondbacks,0.52,0.48,115.0,-135.0,0.4651162790697674,0.574468085106383,0.0027826086956521,0.0,269.5670843191476,1,95895.1687168179
40,1900-04-09,San Diego Padres,Atlanta Braves,0.45,0.55,-120.0,100.0,0.5454545454545454,0.5,0.001,0.0,96.87567092719486,0,95798.2930458907
41,1900-04-10,Chicago White Sox,Minnesota Twins,0.47,0.53,-110.0,-110.0,0.5238095238095238,0.5238095238095238,0.0013,0.0,124.53778095965814,0,95673.75526493104
42,1900-04-10,Boston Red Sox,Tampa Bay Rays,0.5,0.5,-155.0,135.0,0.6078431372549019,0.425531914893617,0.0,0.0129629629629629,1241.8297246689538,0,94431.9255402621
43,1900-04-10,San Diego Padres,New York Mets,0.46,0.54,-140.0,120.0,0.5833333333333334,0.4545454545454545,0.0,0.001,95.7982930458908,0,94336.1272472162
44,1900-04-10,Cincinnati Reds,Atlanta Braves,0.31,0.69,-195.0,165.0,0.6610169491525424,0.3773584905660377,0.0085499999999999,0.0,819.075405542364,1,94756.16591672512
45,1900-04-10,Seattle Mariners,Chicago Cubs,0.57,0.43,140.0,-165.0,0.4166666666666667,0.6226415094339622,0.0022857142857142,0.0,218.9675269620353,1,95062.72045447196
46,1900-04-10,Kansas City Royals,Texas Rangers,0.43,0.57,-175.0,150.0,0.6363636363636364,0.4,0.0,0.0049999999999999,478.9914652294532,0,94583.72898924252
47,1900-04-10,St. Louis Cardinals,Colorado Rockies,0.55,0.45,130.0,-150.0,0.4347826086956521,0.6,0.0026923076923076,0.0,257.91848127739826,1,94919.02301490314
48,1900-04-10,Washington Nationals,Los Angeles Angels,0.34,0.66,-250.0,210.0,0.7142857142857143,0.3225806451612903,0.0,0.0025714285714285,246.33846783229112,1,95436.33379735096
49,1900-04-10,Los Angeles Dodgers,San Francisco Giants,0.55,0.45,135.0,-155.0,0.425531914893617,0.6078431372549019,0.0042592592592592,0.0,408.02976667694185,0,95028.304030674
50,1900-04-11,Oakland Athletics,Baltimore Orioles,0.41,0.59,-195.0,165.0,0.6610169491525424,0.3773584905660377,0.0,0.0052424242424242,498.1786847668656,0,94530.12534590712
51,1900-04-11,San Diego Padres,New York Mets,0.41,0.59,-140.0,120.0,0.5833333333333334,0.4545454545454545,0.0015999999999999,0.0,152.04528644907802,0,94378.08005945804
52,1900-04-11,Kansas City Royals,Texas Rangers,0.33,0.67,-280.0,235.0,0.7368421052631579,0.2985074626865671,0.0,0.0044893617021276,426.6164287334519,0,93951.4636307246
53,1900-04-11,St. Louis Cardinals,Colorado Rockies,0.56,0.44,140.0,-165.0,0.4166666666666667,0.6226415094339622,0.0039999999999999,0.0,380.1132161226956,0,93571.3504146019
54,1900-04-11,Washington Nationals,Los Angeles Angels,0.3,0.7,-300.0,250.0,0.75,0.2857142857142857,0.0,0.002,190.05660806134816,0,93381.29380654056
55,1900-04-11,Milwaukee Brewers,Arizona Diamondbacks,0.53,0.47,120.0,-140.0,0.4545454545454545,0.5833333333333334,0.0028333333333333,0.0,269.24686142024234,0,93112.04694512032
56,1900-04-11,Los Angeles Dodgers,San Francisco Giants,0.55,0.45,140.0,-165.0,0.4166666666666667,0.6226415094339622,0.0057142857142857,0.0,543.0188801752797,1,93872.2733773657
57,1900-04-12,Houston Astros,Pittsburgh Pirates,0.57,0.43,140.0,-165.0,0.4166666666666667,0.6226415094339622,0.0022857142857142,0.0,214.56519629112103,0,93657.70818107456
58,1900-04-12,Milwaukee Brewers,Arizona Diamondbacks,0.47,0.53,100.0,-120.0,0.5,0.5454545454545454,0.006,0.0,563.2336402641947,1,94220.94182133875
59,1900-04-12,Los Angeles Dodgers,San Francisco Giants,0.56,0.44,145.0,-170.0,0.4081632653061224,0.6296296296296297,0.0053793103448275,0.0,504.9680912713462,0,93715.97373006742
60,1900-04-13,Oakland Athletics,Baltimore Orioles,0.38,0.62,-225.0,190.0,0.6923076923076923,0.3448275862068966,0.0,0.0053684210526315,503.1068063403618,0,93212.86692372704
61,1900-04-13,Boston Red Sox,Tampa Bay Rays,0.4,0.6,-225.0,190.0,0.6923076923076923,0.3448275862068966,0.0,0.0084210526315789,789.187147200568,0,92423.67977652648
62,1900-04-13,Minnesota Twins,New York Yankees,0.46,0.54,-150.0,130.0,0.6,0.4347826086956521,0.0,0.0044615384615384,418.1174212572242,1,92967.23242416087
63,1900-04-13,Detroit Tigers,Toronto Blue Jays,0.34,0.66,-230.0,195.0,0.696969696969697,0.3389830508474575,0.0,0.0001538461538461,14.417842112318612,1,92995.3472162799
64,1900-04-13,Pittsburgh Pirates,St. Louis Cardinals,0.32,0.68,-255.0,215.0,0.7183098591549296,0.3174603174603174,0.0,0.0003720930232558,34.871059992583255,1,93070.31999526396
65,1900-04-13,Milwaukee Brewers,San Diego Padres,0.51,0.49,-140.0,120.0,0.5833333333333334,0.4545454545454545,0.0,0.0101666666666666,952.7790662556856,1,94213.65487477076
66,1900-04-14,Philadelphia Phillies,Cincinnati Reds,0.55,0.45,130.0,-150.0,0.4347826086956521,0.6,0.0026923076923076,0.0,253.65214773976768,0,93960.002727031
67,1900-04-14,San Francisco Giants,Detroit Tigers,0.53,0.47,125.0,-145.0,0.4444444444444444,0.5918367346938775,0.0045999999999999,0.0,433.3828124239447,1,94501.73124256093
68,1900-04-14,Arizona Diamondbacks,Miami Marlins,0.45,0.55,-155.0,135.0,0.6078431372549019,0.425531914893617,0.0,0.0042592592592592,401.2803818740236,0,94100.4508606869
69,1900-04-14,Minnesota Twins,New York Yankees,0.4,0.6,-180.0,155.0,0.6428571428571429,0.3921568627450981,0.0,0.0012903225806451,121.56600629002756,1,94288.87817043644
70,1900-04-14,Tampa Bay Rays,Toronto Blue Jays,0.52,0.48,115.0,-135.0,0.4651162790697674,0.574468085106383,0.0027826086956521,0.0,262.15973530370934,1,94590.36186603572
71,1900-04-14,Los Angeles Angels,Boston Red Sox,0.46,0.54,100.0,-120.0,0.5,0.5454545454545454,0.008,0.0,753.7092389981668,1,95344.07110503389
72,1900-04-14,Baltimore Orioles,Chicago White Sox,0.48,0.52,100.0,-120.0,0.5,0.5454545454545454,0.004,0.0,376.8546194990834,0,94967.2164855348
73,1900-04-14,Pittsburgh Pirates,St. Louis Cardinals,0.41,0.59,-170.0,145.0,0.6296296296296297,0.4081632653061224,0.0,0.0003103448275861,29.23872047837608,0,94937.97776505644
74,1900-04-14,New York Mets,Oakland Athletics,0.59,0.41,180.0,-210.0,0.3571428571428571,0.6774193548387096,0.0082222222222222,0.0,774.6456067481148,0,94163.33215830832
75,1900-04-14,Milwaukee Brewers,San Diego Padres,0.42,0.58,-165.0,140.0,0.6226415094339622,0.4166666666666667,0.0,0.0005714285714285,53.836374214154034,1,94238.70308220811
76,1900-04-15,Baltimore Orioles,Chicago White Sox,0.47,0.53,100.0,-120.0,0.5,0.5454545454545454,0.006,0.0,565.4322184932493,1,94804.13530070135
77,1900-04-15,Pittsburgh Pirates,St. Louis Cardinals,0.4,0.6,-205.0,170.0,0.6721311475409836,0.3703703703703704,0.0,0.0047058823529411,443.4762497986269,1,95558.04492535903
78,1900-04-15,Milwaukee Brewers,San Diego Padres,0.51,0.49,-135.0,115.0,0.574468085106383,0.4651162790697674,0.0,0.008391304347826,790.7856389072242,0,94767.2592864518
79,1900-04-15,Cleveland Guardians,Washington Nationals,0.58,0.42,150.0,-178.0,0.4,0.6402877697841727,0.0033333333333333,0.0,314.1290102740267,0,94453.13027617778
80,1900-04-15,Philadelphia Phillies,Cincinnati Reds,0.54,0.46,-125.0,105.0,0.5555555555555556,0.4878048780487805,0.0,0.0101904761904761,960.3372599805978,0,93492.79301619716
81,1900-04-15,Arizona Diamondbacks,Miami Marlins,0.48,0.52,-135.0,115.0,0.574468085106383,0.4651162790697674,0.0,0.0027826086956521,262.229434663535,0,93230.56358153364
82,1900-04-15,Atlanta Braves,Kansas City Royals,0.64,0.36,118.0,-140.0,0.4587155963302752,0.5833333333333334,0.0,0.0136,1281.646361918031,1,94146.02526861794
83,1900-04-15,Texas Rangers,Houston Astros,0.41,0.59,-190.0,158.0,0.6551724137931035,0.3875968992248062,0.0,0.0036582278481012,344.7466479842802,0,93801.27862063366
84,1900-04-15,Chicago Cubs,Los Angeles Dodgers,0.45,0.55,-160.0,135.0,0.6153846153846154,0.425531914893617,0.0,0.0042592592592592,401.387068683479,0,93399.89155195018
85,1900-04-15,Colorado Rockies,Seattle Mariners,0.35,0.65,-260.0,210.0,0.7222222222222221,0.3225806451612903,0.0,0.004047619047619,381.44236961846127,0,93018.44918233172
86,1900-04-16,Tampa Bay Rays,Toronto Blue Jays,0.45,0.55,105.0,-125.0,0.4878048780487805,0.5555555555555556,0.0121428571428571,0.0,1129.5097400711722,0,91888.93944226055
87,1900-04-16,Philadelphia Phillies,Cincinnati Reds,0.59,0.41,160.0,-190.0,0.3846153846153847,0.6551724137931035,0.0041249999999999,0.0,383.701102877118,0,91505.23833938345
88,1900-04-16,Baltimore Orioles,Chicago White Sox,0.39,0.61,-145.0,125.0,0.5918367346938775,0.4444444444444444,0.0044499999999999,0.0,413.932098861376,0,91091.30624052206
89,1900-04-16,Colorado Rockies,Seattle Mariners,0.3,0.7,-300.0,250.0,0.75,0.2857142857142857,0.0,0.002,186.0368983646636,0,90905.2693421574
90,1900-04-16,Texas Rangers,Houston Astros,0.33,0.67,-200.0,170.0,0.6666666666666665,0.3703703703703704,0.001,0.0,93.01844918233282,0,90812.25089297506
91,1900-04-17,Los Angeles Angels,Boston Red Sox,0.55,0.45,130.0,-150.0,0.4347826086956521,0.6,0.0026923076923076,0.0,244.49452163493305,0,90567.75637134012
92,1900-04-17,Cleveland Guardians,Detroit Tigers,0.51,0.49,110.0,-130.0,0.4761904761904761,0.5652173913043478,0.0026363636363636,0.0,239.4141159905708,-1,90567.75637134012
93,1900-04-17,San Francisco Giants,Miami Marlins,0.49,0.51,-125.0,105.0,0.5555555555555556,0.4878048780487805,0.0,0.0004285714285714,38.919536096988864,0,90528.83683524314
94,1900-04-17,Texas Rangers,Kansas City Royals,0.6,0.4,180.0,-210.0,0.3571428571428571,0.6774193548387096,0.0066666666666666,0.0,605.4150059531676,0,89923.42182928997
95,1900-04-17,Toronto Blue Jays,Houston Astros,0.45,0.55,115.0,-135.0,0.4651162790697674,0.574468085106383,0.0158695652173913,0.0,1441.1509380841694,1,91580.74540808678
96,1900-04-17,Pittsburgh Pirates,Colorado Rockies,0.47,0.53,-140.0,120.0,0.5833333333333334,0.4545454545454545,0.0,0.0028333333333333,257.3013775300954,1,91889.50706112287
97,1900-04-17,Chicago Cubs,Oakland Athletics,0.51,0.49,120.0,-140.0,0.4545454545454545,0.5833333333333334,0.0064999999999999,0.0,590.2796308043377,0,91299.22743031855
98,1900-04-17,New York Mets,Los Angeles Dodgers,0.44,0.56,-165.0,140.0,0.6226415094339622,0.4166666666666667,0.0,0.0039999999999999,363.24900357189983,1,91807.7760353192
99,1900-04-18,Cleveland Guardians,Detroit Tigers,0.51,0.49,105.0,-125.0,0.4878048780487805,0.5555555555555556,0.0004285714285714,0.0,39.34618972942207,-1,91807.7760353192
100,1900-04-18,San Francisco Giants,Miami Marlins,0.48,0.52,100.0,-120.0,0.5,0.5454545454545454,0.004,0.0,367.2311041412772,1,92175.00713946047
101,1900-04-18,Baltimore Orioles,Washington Nationals,0.55,0.45,125.0,-145.0,0.4444444444444444,0.5918367346938775,0.0009999999999999,0.0,91.80777603531888,0,92083.19936342516
102,1900-04-18,Texas Rangers,Kansas City Royals,0.56,0.44,105.0,-125.0,0.4878048780487805,0.5555555555555556,0.0,0.001,91.80777603532056,1,92156.6455842534
103,1900-04-18,Toronto Blue Jays,Houston Astros,0.46,0.54,-115.0,-105.0,0.5348837209302325,0.5121951219512195,0.0011,0.0,100.9885536388516,0,92055.65703061456
104,1900-04-18,Chicago Cubs,Oakland Athletics,0.6,0.4,150.0,-175.0,0.4,0.6363636363636364,7.401486830834377e-18,0.0,6.795140452936071e-13,0,92055.65703061456
105,1900-04-18,Atlanta Braves,San Diego Padres,0.52,0.48,120.0,-140.0,0.4545454545454545,0.5833333333333334,0.0046666666666666,0.0,428.43628816482254,0,91627.22074244972
106,1900-04-18,Milwaukee Brewers,Seattle Mariners,0.43,0.57,-155.0,135.0,0.6078431372549019,0.425531914893617,0.0,0.0007777777777777,71.40604802747018,1,91723.6189072868
107,1900-04-18,New York Mets,Los Angeles Dodgers,0.42,0.58,-165.0,140.0,0.6226415094339622,0.4166666666666667,0.0,0.0005714285714285,52.46158630589602,0,91671.15732098091
108,1900-04-19,Tampa Bay Rays,Cincinnati Reds,0.63,0.37,195.0,-230.0,0.3389830508474575,0.696969696969697,0.0046923076923076,0.0,430.1492766599875,0,91241.00804432092
109,1900-04-19,Arizona Diamondbacks,St. Louis Cardinals,0.4,0.6,-190.0,160.0,0.6551724137931035,0.3846153846153847,0.0,0.0025,229.1778933024532,0,91011.83015101848
110,1900-04-19,Texas Rangers,Kansas City Royals,0.54,0.46,-110.0,-110.0,0.5238095238095238,0.5238095238095238,0.0,0.0034,311.68193489133546,1,91295.17736455606
111,1900-04-19,New York Mets,Los Angeles Dodgers,0.52,0.48,110.0,-130.0,0.4761904761904761,0.5652173913043478,0.0007272727272727,0.0,66.66993259707708,0,91228.50743195898
112,1900-04-19,Chicago Cubs,Oakland Athletics,0.58,0.42,140.0,-165.0,0.4166666666666667,0.6226415094339622,0.0005714285714285,0.0,52.38351846913128,0,91176.12391348984
113,1900-04-19,Atlanta Braves,San Diego Padres,0.55,0.45,100.0,-120.0,0.5,0.5454545454545454,0.0,0.001,91.6711573209818,0,91084.45275616887
114,1900-04-19,Milwaukee Brewers,Seattle Mariners,0.52,0.48,-130.0,110.0,0.5652173913043478,0.4761904761904761,0.0,0.0083636363636363,766.7042248663864,1,91927.8274035219
115,1900-04-19,Minnesota Twins,Boston Red Sox,0.51,0.49,110.0,-130.0,0.4761904761904761,0.5652173913043478,0.0026363636363636,0.0,241.6785056644044,0,91686.14889785748
116,1900-04-19,Toronto Blue Jays,Houston Astros,0.45,0.55,-115.0,-105.0,0.5348837209302325,0.5121951219512195,0.00325,0.0,297.93126129318864,1,91945.21955985155
117,1900-04-20,Los Angeles Angels,New York Yankees,0.39,0.61,-150.0,130.0,0.6,0.4347826086956521,0.0024999999999999,0.0,229.8630488996281,1,92098.4615924513
118,1900-04-20,Cincinnati Reds,Pittsburgh Pirates,0.43,0.57,-155.0,135.0,0.6078431372549019,0.425531914893617,0.0,0.0007777777777777,71.5129485465509,0,92026.94864390476
119,1900-04-20,Colorado Rockies,Philadelphia Phillies,0.36,0.64,-215.0,185.0,0.6825396825396826,0.3508771929824561,0.0,0.0014054054054054,129.22030857060233,1,92266.00621476036
120,1900-04-20,San Diego Padres,Arizona Diamondbacks,0.53,0.47,115.0,-135.0,0.4651162790697674,0.574468085106383,0.0009130434782608,0.0,83.94998307638586,0,92182.056231684
121,1900-04-22,Toronto Blue Jays,New York Yankees,0.43,0.57,-175.0,150.0,0.6363636363636364,0.4,0.0,0.0049999999999999,460.9102811584197,0,91721.14595052558
122,1900-04-22,Washington Nationals,Minnesota Twins,0.31,0.69,-280.0,235.0,0.7368421052631579,0.2985074626865671,0.0,0.0016382978723404,151.0216665923337,1,92076.04686701756
123,1900-04-22,Colorado Rockies,Philadelphia Phillies,0.41,0.59,-180.0,155.0,0.6428571428571429,0.3921568627450981,0.0,0.0029354838709677,270.59893926074903,0,91805.44792775682
124,1900-04-22,New York Mets,San Francisco Giants,0.5,0.5,-125.0,105.0,0.5555555555555556,0.4878048780487805,0.0,0.0023809523809523,219.48108626591448,0,91585.9668414909
125,1900-04-22,Chicago White Sox,Tampa Bay Rays,0.41,0.59,-190.0,160.0,0.6551724137931035,0.3846153846153847,0.0,0.0041249999999999,380.25098195569615,0,91205.7158595352
126,1900-04-22,Detroit Tigers,Baltimore Orioles,0.41,0.59,-180.0,155.0,0.6428571428571429,0.3921568627450981,0.0,0.0029354838709677,270.59893926074903,0,90935.11692027443
127,1900-04-22,Oakland Athletics,Texas Rangers,0.36,0.64,-240.0,200.0,0.7058823529411765,0.3333333333333332,0.0,0.0039999999999999,368.72822492673583,0,90566.38869534772
128,1900-04-22,San Diego Padres,Arizona Diamondbacks,0.53,0.47,125.0,-145.0,0.4444444444444444,0.5918367346938775,0.0045999999999999,0.0,424.0374586657456,0,90142.35123668198
129,1900-04-22,St. Louis Cardinals,Seattle Mariners,0.43,0.57,-165.0,140.0,0.6226415094339622,0.4166666666666667,0.0,0.0022857142857142,210.7018428152772,0,89931.6493938667
130,1900-04-23,Houston Astros,Atlanta Braves,0.46,0.54,-140.0,120.0,0.5833333333333334,0.4545454545454545,0.0,0.001,89.93164939386678,1,90039.56737313933
131,1900-04-23,Detroit Tigers,Baltimore Orioles,0.43,0.57,-175.0,150.0,0.6363636363636364,0.4,0.0,0.0049999999999999,449.6582469693332,0,89589.90912617
132,1900-04-23,Toronto Blue Jays,New York Yankees,0.53,0.47,115.0,-135.0,0.4651162790697674,0.574468085106383,0.0009130434782608,0.0,82.11150596831273,0,89507.79762020169
133,1900-04-23,Boston Red Sox,Milwaukee Brewers,0.37,0.63,-170.0,145.0,0.6296296296296297,0.4081632653061224,0.0001,0.0,8.993164939386975,0,89498.8044552623
134,1900-04-23,Washington Nationals,Minnesota Twins,0.32,0.68,-255.0,215.0,0.7183098591549296,0.3174603174603174,0.0,0.0003720930232558,33.46293930934578,0,89465.34151595295
135,1900-04-23,Oakland Athletics,Texas Rangers,0.27,0.73,-350.0,290.0,0.7777777777777779,0.2564102564102564,0.0,0.0018275862068965,164.35784199568758,0,89300.98367395726
136,1900-04-23,Kansas City Royals,Los Angeles Angels,0.37,0.63,-210.0,180.0,0.6774193548387096,0.3571428571428571,0.0,0.002,179.86329878773356,0,89121.12037516953
137,1900-04-24,Houston Astros,Tampa Bay Rays,0.49,0.51,-150.0,130.0,0.6,0.4347826086956521,0.0,0.0097692307692307,870.6447913574254,0,88250.4755838121
138,1900-04-24,Miami Marlins,Atlanta Braves,0.33,0.67,-275.0,230.0,0.7333333333333333,0.303030303030303,0.0,0.0038695652173913,344.85998753869984,0,87905.6155962734
139,1900-04-24,Detroit Tigers,Milwaukee Brewers,0.37,0.63,-155.0,135.0,0.6078431372549019,0.425531914893617,0.0056499999999999,0.0,503.5343301197077,0,87402.08126615369
140,1900-04-24,Kansas City Royals,Arizona Diamondbacks,0.41,0.59,-120.0,100.0,0.5454545454545454,0.5,0.0097999999999999,0.0,873.3869796766608,1,88129.90374921757
141,1900-04-24,St. Louis Cardinals,San Francisco Giants,0.5,0.5,105.0,-125.0,0.4878048780487805,0.5555555555555556,0.0023809523809523,0.0,212.1931437504038,1,88352.70655015549
142,1900-04-26,Chicago White Sox,Toronto Blue Jays,0.41,0.59,-180.0,155.0,0.6428571428571429,0.3921568627450981,0.0,0.0029354838709677,259.3579450343267,0,88093.34860512117
143,1900-04-26,Kansas City Royals,Arizona Diamondbacks,0.32,0.68,-255.0,215.0,0.7183098591549296,0.3174603174603174,0.0,0.0003720930232558,32.87542569308114,0,88060.47317942808
144,1900-04-26,Los Angeles Dodgers,Pittsburgh Pirates,0.6,0.4,120.0,-140.0,0.4545454545454545,0.5833333333333334,0.0,0.0039999999999999,353.41082620062133,0,87707.06235322746
145,1900-04-26,Seattle Mariners,Philadelphia Phillies,0.48,0.52,100.0,-120.0,0.5,0.5454545454545454,0.004,0.0,353.4108262006223,1,88060.47317942808
146,1900-04-26,Houston Astros,Tampa Bay Rays,0.51,0.49,-130.0,110.0,0.5652173913043478,0.4761904761904761,0.0,0.0064545454545454,570.276560460095,1,88687.77739593419
147,1900-04-26,Oakland Athletics,Los Angeles Angels,0.34,0.66,-245.0,205.0,0.7101449275362319,0.3278688524590163,0.0,0.0018048780487804,159.4658606027198,0,88528.31153533146
148,1900-04-26,Chicago White Sox,Toronto Blue Jays,0.41,0.59,-180.0,155.0,0.6428571428571429,0.3921568627450981,0.0,0.0029354838709677,259.3579450343267,0,88268.95359029714
149,1900-04-26,Kansas City Royals,Arizona Diamondbacks,0.32,0.68,-255.0,215.0,0.7183098591549296,0.3174603174603174,0.0,0.0003720930232558,32.87542569308114,0,88236.07816460406
150,1900-04-26,Los Angeles Dodgers,Pittsburgh Pirates,0.6,0.4,120.0,-140.0,0.4545454545454545,0.5833333333333334,0.0,0.0039999999999999,353.41082620062133,0,87882.66733840344
151,1900-04-26,Seattle Mariners,Philadelphia Phillies,0.48,0.52,100.0,-120.0,0.5,0.5454545454545454,0.004,0.0,353.4108262006223,1,88236.07816460406
152,1900-04-26,Houston Astros,Tampa Bay Rays,0.51,0.49,-130.0,110.0,0.5652173913043478,0.4761904761904761,0.0,0.0064545454545454,570.276560460095,1,88863.38238111016
153,1900-04-26,Oakland Athletics,Los Angeles Angels,0.34,0.66,-245.0,205.0,0.7101449275362319,0.3278688524590163,0.0,0.0018048780487804,159.4658606027198,0,88703.91652050744
154,1900-05-02,Atlanta Braves,Miami Marlins,0.51,0.49,-130.0,110.0,0.5652173913043478,0.4761904761904761,0.0,0.0064545454545454,572.5434611778212,1,89333.71432780304
155,1900-05-02,Cleveland Guardians,New York Yankees,0.35,0.65,-170.0,145.0,0.6296296296296297,0.4081632653061224,0.0055,0.0,487.8715408627917,1,89620.6975871341
156,1900-05-02,Chicago Cubs,Washington Nationals,0.53,0.47,125.0,-145.0,0.4444444444444444,0.5918367346938775,0.0045999999999999,0.0,408.0380159943334,1,90130.74510712702
157,1900-05-02,Toronto Blue Jays,Boston Red Sox,0.45,0.55,115.0,-135.0,0.4651162790697674,0.574468085106383,0.0158695652173913,0.0,1407.6925882602268,1,91749.59158362629
158,1900-05-02,Minnesota Twins,Chicago White Sox,0.57,0.43,140.0,-165.0,0.4166666666666667,0.6226415094339622,0.0022857142857142,0.0,202.7518091897308,1,92033.44411649193
159,1900-05-02,Los Angeles Angels,St. Louis Cardinals,0.49,0.51,-130.0,110.0,0.5652173913043478,0.4761904761904761,0.0,0.0026363636363636,233.8557799177016,1,92290.68547440138
160,1900-05-02,Arizona Diamondbacks,Texas Rangers,0.53,0.47,120.0,-140.0,0.4545454545454545,0.5833333333333334,0.0028333333333333,0.0,251.32776347477048,1,92592.2787905711
161,1900-05-02,Seattle Mariners,Oakland Athletics,0.55,0.45,125.0,-145.0,0.4444444444444444,0.5918367346938775,0.0009999999999999,0.0,88.70391652050711,0,92503.5748740506
162,1900-05-03,New York Mets,Detroit Tigers,0.61,0.39,135.0,-155.0,0.425531914893617,0.6078431372549019,0.0,0.0005499999999999,50.87696618072772,-1,92503.5748740506
163,1900-05-03,Arizona Diamondbacks,Texas Rangers,0.42,0.58,-120.0,100.0,0.5454545454545454,0.5,0.0075999999999999,0.0,703.0271690427841,0,91800.5477050078
164,1900-05-03,Cincinnati Reds,San Diego Padres,0.34,0.66,-260.0,220.0,0.7222222222222221,0.3125,0.0,0.004,370.0142994962032,0,91430.5334055116
165,1900-05-03,Pittsburgh Pirates,Tampa Bay Rays,0.36,0.64,-210.0,180.0,0.6774193548387096,0.3571428571428571,0.0,0.0004444444444444,41.11269994402252,0,91389.42070556758
166,1900-05-03,Cleveland Guardians,New York Yankees,0.54,0.46,120.0,-140.0,0.4545454545454545,0.5833333333333334,0.001,0.0,92.50357487405068,1,91500.42499541644
167,1900-05-03,Chicago Cubs,Washington Nationals,0.58,0.42,165.0,-195.0,0.3773584905660377,0.6610169491525424,0.0068484848484848,0.0,633.5093309556186,1,92545.7153914932
168,1900-05-03,Toronto Blue Jays,Boston Red Sox,0.54,0.46,120.0,-140.0,0.4545454545454545,0.5833333333333334,0.001,0.0,92.50357487405068,1,92656.71968134207
169,1900-05-03,Minnesota Twins,Chicago White Sox,0.46,0.54,-140.0,120.0,0.5833333333333334,0.4545454545454545,0.0,0.001,92.50357487405068,0,92564.21610646804
170,1900-05-03,Baltimore Orioles,Kansas City Royals,0.55,0.45,130.0,-150.0,0.4347826086956521,0.6,0.0026923076923076,0.0,249.0480861993672,1,92887.9786185272
171,1900-05-03,Los Angeles Angels,St. Louis Cardinals,0.53,0.47,125.0,-145.0,0.4444444444444444,0.5918367346938775,0.0045999999999999,0.0,425.516444420632,0,92462.46217410658
172,1900-05-03,Milwaukee Brewers,Colorado Rockies,0.56,0.44,100.0,-120.0,0.5,0.5454545454545454,0.0,0.0032,296.0114395969632,0,92166.45073450962
173,1900-05-04,Chicago Cubs,Washington Nationals,0.59,0.41,180.0,-210.0,0.3571428571428571,0.6774193548387096,0.0082222222222222,0.0,757.8130393726342,1,93530.51420538036
174,1900-05-04,New York Mets,Detroit Tigers,0.64,0.36,150.0,-175.0,0.4,0.6363636363636364,0.0,0.001,92.16645073450982,0,93438.34775464585
175,1900-05-04,Minnesota Twins,Chicago White Sox,0.52,0.48,115.0,-135.0,0.4651162790697674,0.574468085106383,0.0027826086956521,0.0,256.46316726124354,0,93181.8845873846
176,1900-05-04,Baltimore Orioles,Kansas City Royals,0.55,0.45,145.0,-170.0,0.4081632653061224,0.6296296296296297,0.0070689655172413,0.0,651.5214620887745,0,92530.36312529584
177,1900-05-04,Milwaukee Brewers,Colorado Rockies,0.63,0.37,125.0,-145.0,0.4444444444444444,0.5918367346938775,0.0,0.00935,861.7563143676655,0,91668.60681092816
178,1900-05-04,Seattle Mariners,Oakland Athletics,0.63,0.37,195.0,-230.0,0.3389830508474575,0.696969696969697,0.0046923076923076,0.0,432.4733457542376,0,91236.13346517392
179,1900-05-04,Toronto Blue Jays,Boston Red Sox,0.56,0.44,140.0,-165.0,0.4166666666666667,0.6226415094339622,0.0039999999999999,0.0,368.6658029380381,1,91752.26558928718
180,1900-05-05,Miami Marlins,Chicago Cubs,0.43,0.57,-165.0,140.0,0.6226415094339622,0.4166666666666667,0.0,0.0022857142857142,209.7194642040845,0,91542.5461250831
181,1900-05-05,Chicago White Sox,Cincinnati Reds,0.47,0.53,-110.0,-110.0,0.5238095238095238,0.5238095238095238,0.0013,0.0,119.27794526607356,0,91423.26817981702
182,1900-05-05,New York Yankees,Tampa Bay Rays,0.42,0.58,-180.0,155.0,0.6428571428571429,0.3921568627450981,0.0,0.0045806451612903,420.2845714089926,0,91002.98360840805
183,1900-05-05,Boston Red Sox,Philadelphia Phillies,0.44,0.56,-165.0,140.0,0.6226415094339622,0.4166666666666667,0.0,0.0039999999999999,367.0090623571484,1,91516.79629570805
184,1900-05-05,Colorado Rockies,New York Mets,0.36,0.64,-230.0,195.0,0.696969696969697,0.3389830508474575,0.0,0.0031794871794871,291.72515213004107,0,91225.071143578
185,1900-05-05,Baltimore Orioles,Atlanta Braves,0.33,0.67,-200.0,170.0,0.6666666666666665,0.3703703703703704,0.001,0.0,91.75226558928829,0,91133.31887798871
186,1900-05-05,Detroit Tigers,St. Louis Cardinals,0.34,0.66,-230.0,195.0,0.696969696969697,0.3389830508474575,0.0,0.0001538461538461,14.115733167583178,1,91160.84455766552
187,1900-05-05,Houston Astros,Seattle Mariners,0.51,0.49,-145.0,125.0,0.5918367346938775,0.4444444444444444,0.0,0.0117999999999999,1082.6767339535884,1,92514.1904751075
188,1900-05-06,Detroit Tigers,St. Louis Cardinals,0.38,0.62,-205.0,175.0,0.6721311475409836,0.3636363636363636,0.0,0.0025714285714285,237.89363265027663,1,92930.50433224547
189,1900-05-06,Colorado Rockies,New York Mets,0.33,0.67,-200.0,170.0,0.6666666666666665,0.3703703703703704,0.001,0.0,92.5141904751086,0,92837.99014177038
190,1900-05-06,New York Yankees,Tampa Bay Rays,0.44,0.56,-190.0,160.0,0.6551724137931035,0.3846153846153847,0.0,0.009,832.6277142759676,1,94170.19448461191
191,1900-05-06,Baltimore Orioles,Atlanta Braves,0.34,0.66,-240.0,200.0,0.7058823529411765,0.3333333333333332,0.0,0.001,92.51419047510812,0,94077.68029413682
192,1900-05-06,Boston Red Sox,Philadelphia Phillies,0.5,0.5,-140.0,120.0,0.5833333333333334,0.4545454545454545,0.0,0.0083333333333333,770.9515872925624,1,95002.8221988879
193,1900-05-06,Milwaukee Brewers,San Francisco Giants,0.43,0.57,-170.0,145.0,0.6296296296296297,0.4081632653061224,0.0,0.0036896551724137,341.34546140815456,0,94661.47673747974
194,1900-05-06,Houston Astros,Seattle Mariners,0.51,0.49,-120.0,100.0,0.5454545454545454,0.5,0.0,0.002,185.0283809502152,0,94476.44835652952
195,1900-05-07,Boston Red Sox,Philadelphia Phillies,0.53,0.47,-125.0,105.0,0.5555555555555556,0.4878048780487805,0.0,0.0082380952380952,778.3059793180776,0,93698.14237721144
196,1900-05-07,Toronto Blue Jays,Pittsburgh Pirates,0.51,0.49,110.0,-130.0,0.4761904761904761,0.5652173913043478,0.0026363636363636,0.0,249.0742729399417,0,93449.06810427152
197,1900-05-07,Oakland Athletics,Kansas City Royals,0.47,0.53,-105.0,-115.0,0.5121951219512195,0.5348837209302325,0.00365,0.0,344.8390365013329,1,93777.4862342728
198,1900-05-07,Texas Rangers,Los Angeles Angels,0.5,0.5,-125.0,105.0,0.5555555555555556,0.4878048780487805,0.0,0.0023809523809523,224.9439246584038,1,94013.67735516412
199,1900-05-07,Washington Nationals,Arizona Diamondbacks,0.42,0.58,-165.0,140.0,0.6226415094339622,0.4166666666666667,0.0,0.0005714285714285,53.98654191801618,1,94089.25851384932
200,1900-05-10,Los Angeles Dodgers,Milwaukee Brewers,0.57,0.43,140.0,-165.0,0.4166666666666667,0.6226415094339622,0.0022857142857142,0.0,215.0611623173693,0,93874.19735153194
201,1900-05-10,Miami Marlins,Arizona Diamondbacks,0.41,0.59,-140.0,120.0,0.5833333333333334,0.4545454545454545,0.0015999999999999,0.0,150.54281362215852,0,93723.65453790978
202,1900-05-10,Texas Rangers,Seattle Mariners,0.41,0.59,-190.0,160.0,0.6551724137931035,0.3846153846153847,0.0,0.0041249999999999,388.1181913696281,1,94344.6436441012
203,1900-05-10,Washington Nationals,San Francisco Giants,0.43,0.57,-155.0,135.0,0.6078431372549019,0.425531914893617,0.0,0.0007777777777777,73.18053439966025,1,94443.43736554073
204,1900-05-10,Houston Astros,Los Angeles Angels,0.58,0.42,100.0,-120.0,0.5,0.5454545454545454,0.0,0.0075999999999999,715.0783647052544,1,95039.3360027951
205,1900-05-10,Tampa Bay Rays,Baltimore Orioles,0.46,0.54,100.0,-120.0,0.5,0.5454545454545454,0.008,0.0,752.7140681107952,1,95792.0500709059
206,1900-05-10,New York Mets,Cincinnati Reds,0.62,0.38,135.0,-155.0,0.425531914893617,0.6078431372549019,0.0,0.0030999999999999,291.6767013929324,1,95980.2285879336
207,1900-05-12,New York Mets,Washington Nationals,0.56,0.44,100.0,-120.0,0.5,0.5454545454545454,0.0,0.0032,307.13673148138884,1,96236.1758641681
208,1900-05-12,Atlanta Braves,Toronto Blue Jays,0.53,0.47,135.0,-160.0,0.425531914893617,0.6153846153846154,0.0077407407407407,0.0,742.9580657362261,1,97239.169252912
209,1900-05-12,St. Louis Cardinals,Boston Red Sox,0.44,0.56,-115.0,-105.0,0.5348837209302325,0.5121951219512195,0.0054,0.0,518.2932343748422,0,96720.87601853716
210,1900-05-12,Houston Astros,Chicago White Sox,0.54,0.46,130.0,-155.0,0.4347826086956521,0.6078431372549019,0.0044615384615384,0.0,428.2194813923195,0,96292.65653714484
211,1900-05-13,Tampa Bay Rays,New York Yankees,0.49,0.51,115.0,-135.0,0.4651162790697674,0.574468085106383,0.008391304347826,0.0,808.0209874638671,1,97221.88067272828
212,1900-05-13,Seattle Mariners,Detroit Tigers,0.59,0.41,150.0,-175.0,0.4,0.6363636363636364,0.0016666666666666,0.0,160.48776089524085,0,97061.39291183304
213,1900-05-13,Cincinnati Reds,Miami Marlins,0.38,0.62,-200.0,170.0,0.6666666666666665,0.3703703703703704,0.0,0.0015294117647058,147.27112176269225,1,97311.75381882962
214,1900-05-13,Atlanta Braves,Toronto Blue Jays,0.51,0.49,-125.0,105.0,0.5555555555555556,0.4878048780487805,0.0,0.0043333333333333,417.2681783276286,0,96894.48564050198
215,1900-05-13,Texas Rangers,Oakland Athletics,0.6,0.4,120.0,-140.0,0.4545454545454545,0.5833333333333334,0.0,0.0039999999999999,385.1706261485788,1,97169.6075163224
216,1900-05-13,St. Louis Cardinals,Boston Red Sox,0.42,0.58,-130.0,110.0,0.5652173913043478,0.4761904761904761,0.0033999999999999,0.0,327.3950322262916,0,96842.2124840961
217,1900-05-13,Kansas City Royals,Milwaukee Brewers,0.38,0.62,-155.0,135.0,0.6078431372549019,0.425531914893617,0.0030999999999999,0.0,298.5072352651485,1,97034.7977971704
218,1900-05-14,Tampa Bay Rays,New York Yankees,0.51,0.49,105.0,-125.0,0.4878048780487805,0.5555555555555556,0.0004285714285714,0.0,41.58634191307255,0,96993.21145525732
219,1900-05-14,Seattle Mariners,Detroit Tigers,0.59,0.41,150.0,-175.0,0.4,0.6363636363636364,0.0016666666666666,0.0,161.7246629952834,1,97235.79844975025
220,1900-05-14,Cincinnati Reds,Miami Marlins,0.44,0.56,-165.0,140.0,0.6226415094339622,0.4166666666666667,0.0,0.0039999999999999,388.13919118868114,0,96847.65925856157
221,1900-05-14,Philadelphia Phillies,Colorado Rockies,0.57,0.43,140.0,-165.0,0.4166666666666667,0.6226415094339622,0.0022857142857142,0.0,221.7938235363889,1,97158.17061151251
222,1900-05-14,Texas Rangers,Oakland Athletics,0.62,0.38,125.0,-145.0,0.4444444444444444,0.5918367346938775,0.0,0.0069,669.5401048004759,1,97619.92240792663
223,1900-05-14,San Diego Padres,Los Angeles Dodgers,0.34,0.66,-175.0,150.0,0.6363636363636364,0.4,0.0065,0.0,630.7261856816076,1,97980.33737117326
224,1900-05-14,New York Mets,Washington Nationals,0.63,0.37,180.0,-210.0,0.3571428571428571,0.6774193548387096,0.002,0.0,194.06959559434097,-1,97980.33737117326
225,1900-05-14,St. Louis Cardinals,Boston Red Sox,0.47,0.53,100.0,-120.0,0.5,0.5454545454545454,0.006,0.0,582.2087867830229,0,97398.12858439023
